Workbook

Sheet TABLEAU DE BORD
B1: TABLEAU DE BORD · PLANNING LOGISSIMO 2026
B4: ▼ SÉLECTION AGENT | E4: TOUS | K4: ℹ Utilisez la liste déroulante pour filtrer · Les données se mettent à jour automatiquement (A ne pas toucher)
AB5: TOUS | AC5: BARNEIX J. | AD5: 10
B6: 📊 ABSENCES PAR TYPE ET PAR MOIS | Q6: 👤 DÉTAIL PAR TYPE ET PAR AGENT | AB6: BARNEIX J. | AC6: MAJET P. | AD6: 9
B7: Type | C7: Jan | D7: Fév | E7: Mar | F7: Avr | G7: Mai | H7: Jun | I7: Jul | J7: Aoû | K7: Sep | L7: Oct | M7: Nov | N7: Déc | O7: TOTAL | Q7: Agent | R7: TP | S7: CSE/RPX | T7: CA/RC | U7: ATM/ATA | V7: ASA | W7: FORM | X7: Autre | Y7: TOTAL | AB7: MAJET P. | AC7: LENEVEU N. | AD7: 8
B8: TP | C8: =IF($E$4="TOUS",COUNTIF('01-26'!G10:AO10,"TP")+COUNTIF('01-26'!G9:AO9,"TP")+COUNTIF('01-26'!G8:AO8,"TP")+COUNTIF('01-26'!G11:AO11,"TP")+COUNTIF('01-26'!G12:AO12,"TP")+COUNTIF('01-26'!G13:AO13,"TP")+COUNTIF('01-26'!F14:AO14,"TP")+COUNTIF('01-26'!G15:AO15,"TP")+COUNTIF('01-26'!F16:AO16,"TP")+COUNTIF('01-26'!F17:AO17,"TP")+COUNTIF('01-26'!G18:AO18,"TP")+COUNTIF('01-26'!G19:AO19,"TP")+COUNTIF('01-26'!F20:AO20,"TP")+COUNTIF('01-26'!F21:AO21,"TP")+COUNTIF('01-26'!G22:AO22,"TP")+COUNTIF('01-26'!G23:AO23,"TP")+COUNTIF('01-26'!G24:AO24,"TP")+COUNTIF('01-26'!G25:AO25,"TP")+COUNTIF('01-26'!G26:AO26,"TP")+COUNTIF('01-26'!G27:AO27,"TP")+COUNTIF('01-26'!G28:AO28,"TP"),COUNTIF(INDIRECT("'01-26'!G"&VLOOKUP($E$4,$AC$5:$AD$25,2,FALSE())&":AO"&VLOOKUP($E$4,$AC$5:$AD$25,2,FALSE())),"TP")) -> 15 | D8: =IF($E$4="TOUS",COUNTIF('02-26'!G10:AO10,"TP")+COUNTIF('02-26'!G9:AO9,"TP")+COUNTIF('02-26'!G8:AO8,"TP")+COUNTIF('02-26'!G11:AO11,"TP")+COUNTIF('02-26'!F12:AO12,"TP")+COUNTIF('02-26'!G13:AO13,"TP")+COUNTIF('02-26'!G14:AO14,"TP")+COUNTIF('02-26'!F15:AO15,"TP")+COUNTIF('02-26'!G16:AO16,"TP")+COUNTIF('02-26'!F17:AO17,"TP")+COUNTIF('02-26'!G18:AO18,"TP")+COUNTIF('02-26'!G19:AO19,"TP")+COUNTIF('02-26'!F20:AO20,"TP")+COUNTIF('02-26'!G21:AO21,"TP")+COUNTIF('02-26'!G22:AO22,"TP")+COUNTIF('02-26'!G23:AO23,"TP")+COUNTIF('02-26'!G24:AO24,"TP")+COUNTIF('02-26'!G25:AO25,"TP")+COUNTIF('02-26'!G26:AO26,"TP")+COUNTIF('02-26'!G27:AO27,"TP")+COUNTIF('02-26'!G28:AO28,"TP"),COUNTIF(INDIRECT("'02-26'!G"&VLOOKUP($E$4,$AC$5:$AD$25,2,FALSE())&":AO"&VLOOKUP($E$4,$AC$5:$AD$25,2,FALSE())),"TP")) -> 15 | E8: =IF($E$4="TOUS",COUNTIF('03-26'!G10:AO10,"TP")+COUNTIF('03-26'!G9:AO9,"TP")+COUNTIF('03-26'!G8:AO8,"TP")+COUNTIF('03-26'!G11:AO11,"TP")+COUNTIF('03-26'!F12:AO12,"TP")+COUNTIF('03-26'!G13:AO13,"TP")+COUNTIF('03-26'!G14:AO14,"TP")+COUNTIF('03-26'!F15:AO15,"TP")+COUNTIF('03-26'!F16:AO16,"TP")+COUNTIF('03-26'!F17:AO17,"TP")+COUNTIF('03-26'!F18:AO18,"TP")+COUNTIF('03-26'!G19:AO19,"TP")+COUNTIF('03-26'!G20:AO20,"TP")+COUNTIF('03-26'!G21:AO21,"TP")+COUNTIF('03-26'!F22:AO22,"TP")+COUNTIF('03-26'!G23:AO23,"TP")+COUNTIF('03-26'!G24:AO24,"TP")+COUNTIF('03-26'!G25:AO25,"TP")+COUNTIF('03-26'!G26:AO26,"TP")+COUNTIF('03-26'!G27:AO27,"TP")+COUNTIF('03-26'!G28:AO28,"TP"),COUNTIF(INDIRECT("'03-26'!G"&VLOOKUP($E$4,$AC$5:$AD$25,2,FALSE())&":AO"&VLOOKUP($E$4,$AC$5:$AD$25,2,FALSE())),"TP")) -> 22 | F8: =IF($E$4="TOUS",COUNTIF('04-26'!G10:AO10,"TP")+COUNTIF('04-26'!G9:AO9,"TP")+COUNTIF('04-26'!G8:AO8,"TP")+COUNTIF('04-26'!G11:AO11,"TP")+COUNTIF('04-26'!F12:AO12,"TP")+COUNTIF('04-26'!G13:AO13,"TP")+COUNTIF('04-26'!F14:AO14,"TP")+COUNTIF('04-26'!G15:AO15,"TP")+COUNTIF('04-26'!G16:AO16,"TP")+COUNTIF('04-26'!G17:AO17,"TP")+COUNTIF('04-26'!G18:AO18,"TP")+COUNTIF('04-26'!G19:AO19,"TP")+COUNTIF('04-26'!G20:AO20,"TP")+COUNTIF('04-26'!G21:AO21,"TP")+COUNTIF('04-26'!G22:AO22,"TP")+COUNTIF('04-26'!G23:AO23,"TP")+COUNTIF('04-26'!G24:AO24,"TP")+COUNTIF('04-26'!G25:AO25,"TP")+COUNTIF('04-26'!G26:AO26,"TP")+COUNTIF('04-26'!G27:AO27,"TP")+COUNTIF('04-26'!G28:AO28,"TP"),COUNTIF(INDIRECT("'04-26'!G"&VLOOKUP($E$4,$AC$5:$AD$25,2,FALSE())&":AO"&VLOOKUP($E$4,$AC$5:$AD$25,2,FALSE())),"TP")) -> 10 | G8: =IF($E$4="TOUS",COUNTIF('05-26'!G10:AO10,"TP")+COUNTIF('05-26'!G9:AO9,"TP")+COUNTIF('05-26'!G8:AO8,"TP")+COUNTIF('05-26'!G11:AO11,"TP")+COUNTIF('05-26'!F12:AO12,"TP")+COUNTIF('05-26'!G13:AO13,"TP")+COUNTIF('05-26'!F14:AO14,"TP")+COUNTIF('05-26'!F15:AO15,"TP")+COUNTIF('05-26'!G16:AO16,"TP")+COUNTIF('05-26'!F17:AO17,"TP")+COUNTIF('05-26'!G18:AO18,"TP")+COUNTIF('05-26'!G19:AO19,"TP")+COUNTIF('05-26'!G20:AO20,"TP")+COUNTIF('05-26'!F21:AO21,"TP")+COUNTIF('05-26'!F22:AO22,"TP")+COUNTIF('05-26'!G23:AO23,"TP")+COUNTIF('05-26'!G24:AO24,"TP")+COUNTIF('05-26'!G25:AO25,"TP")+COUNTIF('05-26'!G26:AO26,"TP")+COUNTIF('05-26'!G27:AO27,"TP")+COUNTIF('05-26'!G28:AO28,"TP"),COUNTIF(INDIRECT("'05-26'!G"&VLOOKUP($E$4,$AC$5:$AD$25,2,FALSE())&":AO"&VLOOKUP($E$4,$AC$5:$AD$25,2,FALSE())),"TP")) -> 8 | H8: =IF($E$4="TOUS",COUNTIF('06-26'!G10:AO10,"TP")+COUNTIF('06-26'!G9:AO9,"TP")+COUNTIF('06-26'!G8:AO8,"TP")+COUNTIF('06-26'!G11:AO11,"TP")+COUNTIF('06-26'!F12:AO12,"TP")+COUNTIF('06-26'!G13:AO13,"TP")+COUNTIF('06-26'!F14:AO14,"TP")+COUNTIF('06-26'!F15:AO15,"TP")+COUNTIF('06-26'!F16:AO16,"TP")+COUNTIF('06-26'!F17:AO17,"TP")+COUNTIF('06-26'!G18:AO18,"TP")+COUNTIF('06-26'!G19:AO19,"TP")+COUNTIF('06-26'!G20:AO20,"TP")+COUNTIF('06-26'!F21:AO21,"TP")+COUNTIF('06-26'!F22:AO22,"TP")+COUNTIF('06-26'!G23:AO23,"TP")+COUNTIF('06-26'!G24:AO24,"TP")+COUNTIF('06-26'!G25:AO25,"TP")+COUNTIF('06-26'!G26:AO26,"TP")+COUNTIF('06-26'!G27:AO27,"TP")+COUNTIF('06-26'!G28:AO28,"TP"),COUNTIF(INDIRECT("'06-26'!G"&VLOOKUP($E$4,$AC$5:$AD$25,2,FALSE())&":AO"&VLOOKUP($E$4,$AC$5:$AD$25,2,FALSE())),"TP")) -> 20 | I8: =IF($E$4="TOUS",COUNTIF('07-26'!G10:AO10,"TP")+COUNTIF('07-26'!G9:AO9,"TP")+COUNTIF('07-26'!G8:AO8,"TP")+COUNTIF('07-26'!F11:AO11,"TP")+COUNTIF('07-26'!G12:AO12,"TP")+COUNTIF('07-26'!G13:AO13,"TP")+COUNTIF('07-26'!F14:AO14,"TP")+COUNTIF('07-26'!F15:AO15,"TP")+COUNTIF('07-26'!G16:AO16,"TP")+COUNTIF('07-26'!G17:AO17,"TP")+COUNTIF('07-26'!G18:AO18,"TP")+COUNTIF('07-26'!G19:AO19,"TP")+COUNTIF('07-26'!F20:AO20,"TP")+COUNTIF('07-26'!F21:AO21,"TP")+COUNTIF('07-26'!F22:AO22,"TP")+COUNTIF('07-26'!G23:AO23,"TP")+COUNTIF('07-26'!G24:AO24,"TP")+COUNTIF('07-26'!G25:AO25,"TP")+COUNTIF('07-26'!G26:AO26,"TP")+COUNTIF('07-26'!G27:AO27,"TP")+COUNTIF('07-26'!G28:AO28,"TP"),COUNTIF(INDIRECT("'07-26'!G"&VLOOKUP($E$4,$AC$5:$AD$25,2,FALSE())&":AO"&VLOOKUP($E$4,$AC$5:$AD$25,2,FALSE())),"TP")) -> 5 | J8: =IF($E$4="TOUS",COUNTIF('08-26'!G10:AO10,"TP")+COUNTIF('08-26'!G9:AO9,"TP")+COUNTIF('08-26'!G8:AO8,"TP")+COUNTIF('08-26'!F11:AO11,"TP")+COUNTIF('08-26'!F12:AO12,"TP")+COUNTIF('08-26'!F13:AO13,"TP")+COUNTIF('08-26'!F14:AO14,"TP")+COUNTIF('08-26'!F15:AO15,"TP")+COUNTIF('08-26'!G16:AO16,"TP")+COUNTIF('08-26'!F17:AO17,"TP")+COUNTIF('08-26'!G18:AO18,"TP")+COUNTIF('08-26'!F19:AO19,"TP")+COUNTIF('08-26'!F20:AO20,"TP")+COUNTIF('08-26'!G21:AO21,"TP")+COUNTIF('08-26'!F22:AO22,"TP")+COUNTIF('08-26'!G23:AO23,"TP")+COUNTIF('08-26'!G24:AO24,"TP")+COUNTIF('08-26'!G25:AO25,"TP")+COUNTIF('08-26'!G26:AO26,"TP")+COUNTIF('08-26'!G27:AO27,"TP")+COUNTIF('08-26'!G28:AO28,"TP"),COUNTIF(INDIRECT("'08-26'!G"&VLOOKUP($E$4,$AC$5:$AD$25,2,FALSE())&":AO"&VLOOKUP($E$4,$AC$5:$AD$25,2,FALSE())),"TP")) -> 0 | K8: =IF($E$4="TOUS",COUNTIF('09-26'!G10:AO10,"TP")+COUNTIF('09-26'!G9:AO9,"TP")+COUNTIF('09-26'!G8:AO8,"TP")+COUNTIF('09-26'!F11:AO11,"TP")+COUNTIF('09-26'!F12:AO12,"TP")+COUNTIF('09-26'!G13:AO13,"TP")+COUNTIF('09-26'!G14:AO14,"TP")+COUNTIF('09-26'!F15:AO15,"TP")+COUNTIF('09-26'!F16:AO16,"TP")+COUNTIF('09-26'!F17:AO17,"TP")+COUNTIF('09-26'!F18:AO18,"TP")+COUNTIF('09-26'!G19:AO19,"TP")+COUNTIF('09-26'!G20:AO20,"TP")+COUNTIF('09-26'!F21:AO21,"TP")+COUNTIF('09-26'!G22:AO22,"TP")+COUNTIF('09-26'!G23:AO23,"TP")+COUNTIF('09-26'!G24:AO24,"TP")+COUNTIF('09-26'!G25:AO25,"TP")+COUNTIF('09-26'!G26:AO26,"TP")+COUNTIF('09-26'!G27:AO27,"TP")+COUNTIF('09-26'!G28:AO28,"TP"),COUNTIF(INDIRECT("'09-26'!G"&VLOOKUP($E$4,$AC$5:$AD$25,2,FALSE())&":AO"&VLOOKUP($E$4,$AC$5:$AD$25,2,FALSE())),"TP")) -> 30 | L8: =IF($E$4="TOUS",COUNTIF('10-26'!G10:AO10,"TP")+COUNTIF('10-26'!G9:AO9,"TP")+COUNTIF('10-26'!G8:AO8,"TP")+COUNTIF('10-26'!F11:AO11,"TP")+COUNTIF('10-26'!F12:AO12,"TP")+COUNTIF('10-26'!G13:AO13,"TP")+COUNTIF('10-26'!F14:AO14,"TP")+COUNTIF('10-26'!F15:AO15,"TP")+COUNTIF('10-26'!F16:AO16,"TP")+COUNTIF('10-26'!F17:AO17,"TP")+COUNTIF('10-26'!G18:AO18,"TP")+COUNTIF('10-26'!G19:AO19,"TP")+COUNTIF('10-26'!F20:AO20,"TP")+COUNTIF('10-26'!G21:AO21,"TP")+COUNTIF('10-26'!G22:AO22,"TP")+COUNTIF('10-26'!F23:AO23,"TP")+COUNTIF('10-26'!G24:AO24,"TP")+COUNTIF('10-26'!G25:AO25,"TP")+COUNTIF('10-26'!G26:AO26,"TP")+COUNTIF('10-26'!G27:AO27,"TP")+COUNTIF('10-26'!G28:AO28,"TP"),COUNTIF(INDIRECT("'10-26'!G"&VLOOKUP($E$4,$AC$5:$AD$25,2,FALSE())&":AO"&VLOOKUP($E$4,$AC$5:$AD$25,2,FALSE())),"TP")) -> 15 | M8: =IF($E$4="TOUS",COUNTIF('11-26'!G10:AO10,"TP")+COUNTIF('11-26'!G9:AO9,"TP")+COUNTIF('11-26'!G8:AO8,"TP")+COUNTIF('11-26'!G11:AO11,"TP")+COUNTIF('11-26'!F12:AO12,"TP")+COUNTIF('11-26'!G13:AO13,"TP")+COUNTIF('11-26'!F14:AO14,"TP")+COUNTIF('11-26'!F15:AO15,"TP")+COUNTIF('11-26'!G16:AO16,"TP")+COUNTIF('11-26'!G17:AO17,"TP")+COUNTIF('11-26'!G18:AO18,"TP")+COUNTIF('11-26'!G19:AO19,"TP")+COUNTIF('11-26'!F20:AO20,"TP")+COUNTIF('11-26'!F21:AO21,"TP")+COUNTIF('11-26'!F22:AO22,"TP")+COUNTIF('11-26'!G23:AO23,"TP")+COUNTIF('11-26'!G24:AO24,"TP")+COUNTIF('11-26'!G25:AO25,"TP")+COUNTIF('11-26'!G26:AO26,"TP")+COUNTIF('11-26'!G27:AO27,"TP")+COUNTIF('11-26'!G28:AO28,"TP"),COUNTIF(INDIRECT("'11-26'!G"&VLOOKUP($E$4,$AC$5:$AD$25,2,FALSE())&":AO"&VLOOKUP($E$4,$AC$5:$AD$25,2,FALSE())),"TP")) -> 14 | N8: =IF($E$4="TOUS",COUNTIF('12-26'!G10:AO10,"TP")+COUNTIF('12-26'!G9:AO9,"TP")+COUNTIF('12-26'!G8:AO8,"TP")+COUNTIF('12-26'!G11:AO11,"TP")+COUNTIF('12-26'!G12:AO12,"TP")+COUNTIF('12-26'!G13:AO13,"TP")+COUNTIF('12-26'!G14:AO14,"TP")+COUNTIF('12-26'!F15:AO15,"TP")+COUNTIF('12-26'!G16:AO16,"TP")+COUNTIF('12-26'!F17:AO17,"TP")+COUNTIF('12-26'!G18:AO18,"TP")+COUNTIF('12-26'!G19:AO19,"TP")+COUNTIF('12-26'!F20:AO20,"TP")+COUNTIF('12-26'!F21:AO21,"TP")+COUNTIF('12-26'!F22:AO22,"TP")+COUNTIF('12-26'!G23:AO23,"TP")+COUNTIF('12-26'!G24:AO24,"TP")+COUNTIF('12-26'!G25:AO25,"TP")+COUNTIF('12-26'!G26:AO26,"TP")+COUNTIF('12-26'!G27:AO27,"TP")+COUNTIF('12-26'!G28:AO28,"TP"),COUNTIF(INDIRECT("'12-26'!G"&VLOOKUP($E$4,$AC$5:$AD$25,2,FALSE())&":AO"&VLOOKUP($E$4,$AC$5:$AD$25,2,FALSE())),"TP")) -> 19 | O8: =SUM(C8:N8) -> 173 | Q8: BARNEIX J. | R8: =COUNTIF('01-26'!G10:AO10,"TP")+COUNTIF('02-26'!G10:AO10,"TP")+COUNTIF('03-26'!G10:AO10,"TP")+COUNTIF('04-26'!G10:AO10,"TP")+COUNTIF('05-26'!G10:AO10,"TP")+COUNTIF('06-26'!G10:AO10,"TP")+COUNTIF('07-26'!G10:AO10,"TP")+COUNTIF('08-26'!G10:AO10,"TP")+COUNTIF('09-26'!G10:AO10,"TP")+COUNTIF('10-26'!G10:AO10,"TP")+COUNTIF('11-26'!G10:AO10,"TP")+COUNTIF('12-26'!G10:AO10,"TP") -> 86 | S8: =COUNTIF('01-26'!G10:AO10,"CSE")+COUNTIF('01-26'!G10:AO10,"CSE/RPX")+COUNTIF('01-26'!G10:AO10,"RPX")+COUNTIF('02-26'!G10:AO10,"CSE")+COUNTIF('02-26'!G10:AO10,"CSE/RPX")+COUNTIF('02-26'!G10:AO10,"RPX")+COUNTIF('03-26'!G10:AO10,"CSE")+COUNTIF('03-26'!G10:AO10,"CSE/RPX")+COUNTIF('03-26'!G10:AO10,"RPX")+COUNTIF('04-26'!G10:AO10,"CSE")+COUNTIF('04-26'!G10:AO10,"CSE/RPX")+COUNTIF('04-26'!G10:AO10,"RPX")+COUNTIF('05-26'!G10:AO10,"CSE")+COUNTIF('05-26'!G10:AO10,"CSE/RPX")+COUNTIF('05-26'!G10:AO10,"RPX")+COUNTIF('06-26'!G10:AO10,"CSE")+COUNTIF('06-26'!G10:AO10,"CSE/RPX")+COUNTIF('06-26'!G10:AO10,"RPX")+COUNTIF('07-26'!G10:AO10,"CSE")+COUNTIF('07-26'!G10:AO10,"CSE/RPX")+COUNTIF('07-26'!G10:AO10,"RPX")+COUNTIF('08-26'!G10:AO10,"CSE")+COUNTIF('08-26'!G10:AO10,"CSE/RPX")+COUNTIF('08-26'!G10:AO10,"RPX")+COUNTIF('09-26'!G10:AO10,"CSE")+COUNTIF('09-26'!G10:AO10,"CSE/RPX")+COUNTIF('09-26'!G10:AO10,"RPX")+COUNTIF('10-26'!G10:AO10,"CSE")+COUNTIF('10-26'!G10:AO10,"CSE/RPX")+COUNTIF('10-26'!G10:AO10,"RPX")+COUNTIF('11-26'!G10:AO10,"CSE")+COUNTIF('11-26'!G10:AO10,"CSE/RPX")+COUNTIF('11-26'!G10:AO10,"RPX")+COUNTIF('12-26'!G10:AO10,"CSE")+COUNTIF('12-26'!G10:AO10,"CSE/RPX")+COUNTIF('12-26'!G10:AO10,"RPX") -> 0 | T8: =COUNTIF('01-26'!G10:AO10,"CA/RC")+COUNTIF('01-26'!G10:AO10,"CA")+COUNTIF('02-26'!G10:AO10,"CA/RC")+COUNTIF('02-26'!G10:AO10,"CA")+COUNTIF('03-26'!G10:AO10,"CA/RC")+COUNTIF('03-26'!G10:AO10,"CA")+COUNTIF('04-26'!G10:AO10,"CA/RC")+COUNTIF('04-26'!G10:AO10,"CA")+COUNTIF('05-26'!G10:AO10,"CA/RC")+COUNTIF('05-26'!G10:AO10,"CA")+COUNTIF('06-26'!G10:AO10,"CA/RC")+COUNTIF('06-26'!G10:AO10,"CA")+COUNTIF('07-26'!G10:AO10,"CA/RC")+COUNTIF('07-26'!G10:AO10,"CA")+COUNTIF('08-26'!G10:AO10,"CA/RC")+COUNTIF('08-26'!G10:AO10,"CA")+COUNTIF('09-26'!G10:AO10,"CA/RC")+COUNTIF('09-26'!G10:AO10,"CA")+COUNTIF('10-26'!G10:AO10,"CA/RC")+COUNTIF('10-26'!G10:AO10,"CA")+COUNTIF('11-26'!G10:AO10,"CA/RC")+COUNTIF('11-26'!G10:AO10,"CA")+COUNTIF('12-26'!G10:AO10,"CA/RC")+COUNTIF('12-26'!G10:AO10,"CA") -> 24 | U8: =COUNTIF('01-26'!G10:AO10,"ATM/ATA")+COUNTIF('01-26'!G10:AO10,"ATM")+COUNTIF('01-26'!G10:AO10,"ATA")+COUNTIF('02-26'!G10:AO10,"ATM/ATA")+COUNTIF('02-26'!G10:AO10,"ATM")+COUNTIF('02-26'!G10:AO10,"ATA")+COUNTIF('03-26'!G10:AO10,"ATM/ATA")+COUNTIF('03-26'!G10:AO10,"ATM")+COUNTIF('03-26'!G10:AO10,"ATA")+COUNTIF('04-26'!G10:AO10,"ATM/ATA")+COUNTIF('04-26'!G10:AO10,"ATM")+COUNTIF('04-26'!G10:AO10,"ATA")+COUNTIF('05-26'!G10:AO10,"ATM/ATA")+COUNTIF('05-26'!G10:AO10,"ATM")+COUNTIF('05-26'!G10:AO10,"ATA")+COUNTIF('06-26'!G10:AO10,"ATM/ATA")+COUNTIF('06-26'!G10:AO10,"ATM")+COUNTIF('06-26'!G10:AO10,"ATA")+COUNTIF('07-26'!G10:AO10,"ATM/ATA")+COUNTIF('07-26'!G10:AO10,"ATM")+COUNTIF('07-26'!G10:AO10,"ATA")+COUNTIF('08-26'!G10:AO10,"ATM/ATA")+COUNTIF('08-26'!G10:AO10,"ATM")+COUNTIF('08-26'!G10:AO10,"ATA")+COUNTIF('09-26'!G10:AO10,"ATM/ATA")+COUNTIF('09-26'!G10:AO10,"ATM")+COUNTIF('09-26'!G10:AO10,"ATA")+COUNTIF('10-26'!G10:AO10,"ATM/ATA")+COUNTIF('10-26'!G10:AO10,"ATM")+COUNTIF('10-26'!G10:AO10,"ATA")+COUNTIF('11-26'!G10:AO10,"ATM/ATA")+COUNTIF('11-26'!G10:AO10,"ATM")+COUNTIF('11-26'!G10:AO10,"ATA")+COUNTIF('12-26'!G10:AO10,"ATM/ATA")+COUNTIF('12-26'!G10:AO10,"ATM")+COUNTIF('12-26'!G10:AO10,"ATA") -> 5 | V8: =COUNTIF('01-26'!G10:AO10,"ASA")+COUNTIF('02-26'!G10:AO10,"ASA")+COUNTIF('03-26'!G10:AO10,"ASA")+COUNTIF('04-26'!G10:AO10,"ASA")+COUNTIF('05-26'!G10:AO10,"ASA")+COUNTIF('06-26'!G10:AO10,"ASA")+COUNTIF('07-26'!G10:AO10,"ASA")+COUNTIF('08-26'!G10:AO10,"ASA")+COUNTIF('09-26'!G10:AO10,"ASA")+COUNTIF('10-26'!G10:AO10,"ASA")+COUNTIF('11-26'!G10:AO10,"ASA")+COUNTIF('12-26'!G10:AO10,"ASA") -> 0 | W8: =COUNTIF('01-26'!G10:AO10,"FORM")+COUNTIF('02-26'!G10:AO10,"FORM")+COUNTIF('03-26'!G10:AO10,"FORM")+COUNTIF('04-26'!G10:AO10,"FORM")+COUNTIF('05-26'!G10:AO10,"FORM")+COUNTIF('06-26'!G10:AO10,"FORM")+COUNTIF('07-26'!G10:AO10,"FORM")+COUNTIF('08-26'!G10:AO10,"FORM")+COUNTIF('09-26'!G10:AO10,"FORM")+COUNTIF('10-26'!G10:AO10,"FORM")+COUNTIF('11-26'!G10:AO10,"FORM")+COUNTIF('12-26'!G10:AO10,"FORM") -> 0 | X8: =COUNTIF('01-26'!G10:AO10,"RPM")+COUNTIF('01-26'!G10:AO10,"JPS")+COUNTIF('02-26'!G10:AO10,"RPM")+COUNTIF('02-26'!G10:AO10,"JPS")+COUNTIF('03-26'!G10:AO10,"RPM")+COUNTIF('03-26'!G10:AO10,"JPS")+COUNTIF('04-26'!G10:AO10,"RPM")+COUNTIF('04-26'!G10:AO10,"JPS")+COUNTIF('05-26'!G10:AO10,"RPM")+COUNTIF('05-26'!G10:AO10,"JPS")+COUNTIF('06-26'!G10:AO10,"RPM")+COUNTIF('06-26'!G10:AO10,"JPS")+COUNTIF('07-26'!G10:AO10,"RPM")+COUNTIF('07-26'!G10:AO10,"JPS")+COUNTIF('08-26'!G10:AO10,"RPM")+COUNTIF('08-26'!G10:AO10,"JPS")+COUNTIF('09-26'!G10:AO10,"RPM")+COUNTIF('09-26'!G10:AO10,"JPS")+COUNTIF('10-26'!G10:AO10,"RPM")+COUNTIF('10-26'!G10:AO10,"JPS")+COUNTIF('11-26'!G10:AO10,"RPM")+COUNTIF('11-26'!G10:AO10,"JPS")+COUNTIF('12-26'!G10:AO10,"RPM")+COUNTIF('12-26'!G10:AO10,"JPS") -> 0 | Y8: =SUM(R8:X8) -> 115 | AB8: LENEVEU N. | AC8: BAUDET R. | AD8: 11
B9: CSE/RPX | C9: =IF($E$4="TOUS",COUNTIF('01-26'!G10:AO10,"CSE")+COUNTIF('01-26'!G9:AO9,"CSE")+COUNTIF('01-26'!G8:AO8,"CSE")+COUNTIF('01-26'!G11:AO11,"CSE")+COUNTIF('01-26'!G12:AO12,"CSE")+COUNTIF('01-26'!G13:AO13,"CSE")+COUNTIF('01-26'!F14:AO14,"CSE")+COUNTIF('01-26'!G15:AO15,"CSE")+COUNTIF('01-26'!F16:AO16,"CSE")+COUNTIF('01-26'!F17:AO17,"CSE")+COUNTIF('01-26'!G18:AO18,"CSE")+COUNTIF('01-26'!G19:AO19,"CSE")+COUNTIF('01-26'!F20:AO20,"CSE")+COUNTIF('01-26'!F21:AO21,"CSE")+COUNTIF('01-26'!G22:AO22,"CSE")+COUNTIF('01-26'!G23:AO23,"CSE")+COUNTIF('01-26'!G24:AO24,"CSE")+COUNTIF('01-26'!G25:AO25,"CSE")+COUNTIF('01-26'!G26:AO26,"CSE")+COUNTIF('01-26'!G27:AO27,"CSE")+COUNTIF('01-26'!G28:AO28,"CSE")+COUNTIF('01-26'!G10:AO10,"CSE/RPX")+COUNTIF('01-26'!G9:AO9,"CSE/RPX")+COUNTIF('01-26'!G8:AO8,"CSE/RPX")+COUNTIF('01-26'!G11:AO11,"CSE/RPX")+COUNTIF('01-26'!G12:AO12,"CSE/RPX")+COUNTIF('01-26'!G13:AO13,"CSE/RPX")+COUNTIF('01-26'!F14:AO14,"CSE/RPX")+COUNTIF('01-26'!G15:AO15,"CSE/RPX")+COUNTIF('01-26'!F16:AO16,"CSE/RPX")+COUNTIF('01-26'!F17:AO17,"CSE/RPX")+COUNTIF('01-26'!G18:AO18,"CSE/RPX")+COUNTIF('01-26'!G19:AO19,"CSE/RPX")+COUNTIF('01-26'!F20:AO20,"CSE/RPX")+COUNTIF('01-26'!F21:AO21,"CSE/RPX")+COUNTIF('01-26'!G22:AO22,"CSE/RPX")+COUNTIF('01-26'!G23:AO23,"CSE/RPX")+COUNTIF('01-26'!G24:AO24,"CSE/RPX")+COUNTIF('01-26'!G25:AO25,"CSE/RPX")+COUNTIF('01-26'!G26:AO26,"CSE/RPX")+COUNTIF('01-26'!G27:AO27,"CSE/RPX")+COUNTIF('01-26'!G28:AO28,"CSE/RPX")+COUNTIF('01-26'!G10:AO10,"RPX")+COUNTIF('01-26'!G9:AO9,"RPX")+COUNTIF('01-26'!G8:AO8,"RPX")+COUNTIF('01-26'!G11:AO11,"RPX")+COUNTIF('01-26'!G12:AO12,"RPX")+COUNTIF('01-26'!G13:AO13,"RPX")+COUNTIF('01-26'!F14:AO14,"RPX")+COUNTIF('01-26'!G15:AO15,"RPX")+COUNTIF('01-26'!F16:AO16,"RPX")+COUNTIF('01-26'!F17:AO17,"RPX")+COUNTIF('01-26'!G18:AO18,"RPX")+COUNTIF('01-26'!G19:AO19,"RPX")+COUNTIF('01-26'!F20:AO20,"RPX")+COUNTIF('01-26'!F21:AO21,"RPX")+COUNTIF('01-26'!G22:AO22,"RPX")+COUNTIF('01-26'!G23:AO23,"RPX")+COUNTIF('01-26'!G24:AO24,"RPX")+COUNTIF('01-26'!G25:AO25,"RPX")+COUNTIF('01-26'!G26:AO26,"RPX")+COUNTIF('01-26'!G27:AO27,"RPX")+COUNTIF('01-26'!G28:AO28,"RPX"),COUNTIF(INDIRECT("'01-26'!G"&VLOOKUP($E$4,$AC$5:$AD$25,2,FALSE())&":AO"&VLOOKUP($E$4,$AC$5:$AD$25,2,FALSE())),"CSE")+COUNTIF(INDIRECT("'01-26'!G"&VLOOKUP($E$4,$AC$5:$AD$25,2,FALSE())&":AO"&VLOOKUP($E$4,$AC$5:$AD$25,2,FALSE())),"CSE/RPX")+COUNTIF(INDIRECT("'01-26'!G"&VLOOKUP($E$4,$AC$5:$AD$25,2,FALSE())&":AO"&VLOOKUP($E$4,$AC$5:$AD$25,2,FALSE())),"RPX")) -> 10 | D9: =IF($E$4="TOUS",COUNTIF('02-26'!G10:AO10,"CSE")+COUNTIF('02-26'!G9:AO9,"CSE")+COUNTIF('02-26'!G8:AO8,"CSE")+COUNTIF('02-26'!G11:AO11,"CSE")+COUNTIF('02-26'!F12:AO12,"CSE")+COUNTIF('02-26'!G13:AO13,"CSE")+COUNTIF('02-26'!G14:AO14,"CSE")+COUNTIF('02-26'!F15:AO15,"CSE")+COUNTIF('02-26'!G16:AO16,"CSE")+COUNTIF('02-26'!F17:AO17,"CSE")+COUNTIF('02-26'!G18:AO18,"CSE")+COUNTIF('02-26'!G19:AO19,"CSE")+COUNTIF('02-26'!F20:AO20,"CSE")+COUNTIF('02-26'!G21:AO21,"CSE")+COUNTIF('02-26'!G22:AO22,"CSE")+COUNTIF('02-26'!G23:AO23,"CSE")+COUNTIF('02-26'!G24:AO24,"CSE")+COUNTIF('02-26'!G25:AO25,"CSE")+COUNTIF('02-26'!G26:AO26,"CSE")+COUNTIF('02-26'!G27:AO27,"CSE")+COUNTIF('02-26'!G28:AO28,"CSE")+COUNTIF('02-26'!G10:AO10,"CSE/RPX")+COUNTIF('02-26'!G9:AO9,"CSE/RPX")+COUNTIF('02-26'!G8:AO8,"CSE/RPX")+COUNTIF('02-26'!G11:AO11,"CSE/RPX")+COUNTIF('02-26'!F12:AO12,"CSE/RPX")+COUNTIF('02-26'!G13:AO13,"CSE/RPX")+COUNTIF('02-26'!G14:AO14,"CSE/RPX")+COUNTIF('02-26'!F15:AO15,"CSE/RPX")+COUNTIF('02-26'!G16:AO16,"CSE/RPX")+COUNTIF('02-26'!F17:AO17,"CSE/RPX")+COUNTIF('02-26'!G18:AO18,"CSE/RPX")+COUNTIF('02-26'!G19:AO19,"CSE/RPX")+COUNTIF('02-26'!F20:AO20,"CSE/RPX")+COUNTIF('02-26'!G21:AO21,"CSE/RPX")+COUNTIF('02-26'!G22:AO22,"CSE/RPX")+COUNTIF('02-26'!G23:AO23,"CSE/RPX")+COUNTIF('02-26'!G24:AO24,"CSE/RPX")+COUNTIF('02-26'!G25:AO25,"CSE/RPX")+COUNTIF('02-26'!G26:AO26,"CSE/RPX")+COUNTIF('02-26'!G27:AO27,"CSE/RPX")+COUNTIF('02-26'!G28:AO28,"CSE/RPX")+COUNTIF('02-26'!G10:AO10,"RPX")+COUNTIF('02-26'!G9:AO9,"RPX")+COUNTIF('02-26'!G8:AO8,"RPX")+COUNTIF('02-26'!G11:AO11,"RPX")+COUNTIF('02-26'!F12:AO12,"RPX")+COUNTIF('02-26'!G13:AO13,"RPX")+COUNTIF('02-26'!G14:AO14,"RPX")+COUNTIF('02-26'!F15:AO15,"RPX")+COUNTIF('02-26'!G16:AO16,"RPX")+COUNTIF('02-26'!F17:AO17,"RPX")+COUNTIF('02-26'!G18:AO18,"RPX")+COUNTIF('02-26'!G19:AO19,"RPX")+COUNTIF('02-26'!F20:AO20,"RPX")+COUNTIF('02-26'!G21:AO21,"RPX")+COUNTIF('02-26'!G22:AO22,"RPX")+COUNTIF('02-26'!G23:AO23,"RPX")+COUNTIF('02-26'!G24:AO24,"RPX")+COUNTIF('02-26'!G25:AO25,"RPX")+COUNTIF('02-26'!G26:AO26,"RPX")+COUNTIF('02-26'!G27:AO27,"RPX")+COUNTIF('02-26'!G28:AO28,"RPX"),COUNTIF(INDIRECT("'02-26'!G"&VLOOKUP($E$4,$AC$5:$AD$25,2,FALSE())&":AO"&VLOOKUP($E$4,$AC$5:$AD$25,2,FALSE())),"CSE")+COUNTIF(INDIRECT("'02-26'!G"&VLOOKUP($E$4,$AC$5:$AD$25,2,FALSE())&":AO"&VLOOKUP($E$4,$AC$5:$AD$25,2,FALSE())),"CSE/RPX")+COUNTIF(INDIRECT("'02-26'!G"&VLOOKUP($E$4,$AC$5:$AD$25,2,FALSE())&":AO"&VLOOKUP($E$4,$AC$5:$AD$25,2,FALSE())),"RPX")) -> 5 | E9: =IF($E$4="TOUS",COUNTIF('03-26'!G10:AO10,"CSE")+COUNTIF('03-26'!G9:AO9,"CSE")+COUNTIF('03-26'!G8:AO8,"CSE")+COUNTIF('03-26'!G11:AO11,"CSE")+COUNTIF('03-26'!F12:AO12,"CSE")+COUNTIF('03-26'!G13:AO13,"CSE")+COUNTIF('03-26'!G14:AO14,"CSE")+COUNTIF('03-26'!F15:AO15,"CSE")+COUNTIF('03-26'!F16:AO16,"CSE")+COUNTIF('03-26'!F17:AO17,"CSE")+COUNTIF('03-26'!F18:AO18,"CSE")+COUNTIF('03-26'!G19:AO19,"CSE")+COUNTIF('03-26'!G20:AO20,"CSE")+COUNTIF('03-26'!G21:AO21,"CSE")+COUNTIF('03-26'!F22:AO22,"CSE")+COUNTIF('03-26'!G23:AO23,"CSE")+COUNTIF('03-26'!G24:AO24,"CSE")+COUNTIF('03-26'!G25:AO25,"CSE")+COUNTIF('03-26'!G26:AO26,"CSE")+COUNTIF('03-26'!G27:AO27,"CSE")+COUNTIF('03-26'!G28:AO28,"CSE")+COUNTIF('03-26'!G10:AO10,"CSE/RPX")+COUNTIF('03-26'!G9:AO9,"CSE/RPX")+COUNTIF('03-26'!G8:AO8,"CSE/RPX")+COUNTIF('03-26'!G11:AO11,"CSE/RPX")+COUNTIF('03-26'!F12:AO12,"CSE/RPX")+COUNTIF('03-26'!G13:AO13,"CSE/RPX")+COUNTIF('03-26'!G14:AO14,"CSE/RPX")+COUNTIF('03-26'!F15:AO15,"CSE/RPX")+COUNTIF('03-26'!F16:AO16,"CSE/RPX")+COUNTIF('03-26'!F17:AO17,"CSE/RPX")+COUNTIF('03-26'!F18:AO18,"CSE/RPX")+COUNTIF('03-26'!G19:AO19,"CSE/RPX")+COUNTIF('03-26'!G20:AO20,"CSE/RPX")+COUNTIF('03-26'!G21:AO21,"CSE/RPX")+COUNTIF('03-26'!F22:AO22,"CSE/RPX")+COUNTIF('03-26'!G23:AO23,"CSE/RPX")+COUNTIF('03-26'!G24:AO24,"CSE/RPX")+COUNTIF('03-26'!G25:AO25,"CSE/RPX")+COUNTIF('03-26'!G26:AO26,"CSE/RPX")+COUNTIF('03-26'!G27:AO27,"CSE/RPX")+COUNTIF('03-26'!G28:AO28,"CSE/RPX")+COUNTIF('03-26'!G10:AO10,"RPX")+COUNTIF('03-26'!G9:AO9,"RPX")+COUNTIF('03-26'!G8:AO8,"RPX")+COUNTIF('03-26'!G11:AO11,"RPX")+COUNTIF('03-26'!F12:AO12,"RPX")+COUNTIF('03-26'!G13:AO13,"RPX")+COUNTIF('03-26'!G14:AO14,"RPX")+COUNTIF('03-26'!F15:AO15,"RPX")+COUNTIF('03-26'!F16:AO16,"RPX")+COUNTIF('03-26'!F17:AO17,"RPX")+COUNTIF('03-26'!F18:AO18,"RPX")+COUNTIF('03-26'!G19:AO19,"RPX")+COUNTIF('03-26'!G20:AO20,"RPX")+COUNTIF('03-26'!G21:AO21,"RPX")+COUNTIF('03-26'!F22:AO22,"RPX")+COUNTIF('03-26'!G23:AO23,"RPX")+COUNTIF('03-26'!G24:AO24,"RPX")+COUNTIF('03-26'!G25:AO25,"RPX")+COUNTIF('03-26'!G26:AO26,"RPX")+COUNTIF('03-26'!G27:AO27,"RPX")+COUNTIF('03-26'!G28:AO28,"RPX"),COUNTIF(INDIRECT("'03-26'!G"&VLOOKUP($E$4,$AC$5:$AD$25,2,FALSE())&":AO"&VLOOKUP($E$4,$AC$5:$AD$25,2,FALSE())),"CSE")+COUNTIF(INDIRECT("'03-26'!G"&VLOOKUP($E$4,$AC$5:$AD$25,2,FALSE())&":AO"&VLOOKUP($E$4,$AC$5:$AD$25,2,FALSE())),"CSE/RPX")+COUNTIF(INDIRECT("'03-26'!G"&VLOOKUP($E$4,$AC$5:$AD$25,2,FALSE())&":AO"&VLOOKUP($E$4,$AC$5:$AD$25,2,FALSE())),"RPX")) -> 3 | F9: =IF($E$4="TOUS",COUNTIF('04-26'!G10:AO10,"CSE")+COUNTIF('04-26'!G9:AO9,"CSE")+COUNTIF('04-26'!G8:AO8,"CSE")+COUNTIF('04-26'!G11:AO11,"CSE")+COUNTIF('04-26'!F12:AO12,"CSE")+COUNTIF('04-26'!G13:AO13,"CSE")+COUNTIF('04-26'!F14:AO14,"CSE")+COUNTIF('04-26'!G15:AO15,"CSE")+COUNTIF('04-26'!G16:AO16,"CSE")+COUNTIF('04-26'!G17:AO17,"CSE")+COUNTIF('04-26'!G18:AO18,"CSE")+COUNTIF('04-26'!G19:AO19,"CSE")+COUNTIF('04-26'!G20:AO20,"CSE")+COUNTIF('04-26'!G21:AO21,"CSE")+COUNTIF('04-26'!G22:AO22,"CSE")+COUNTIF('04-26'!G23:AO23,"CSE")+COUNTIF('04-26'!G24:AO24,"CSE")+COUNTIF('04-26'!G25:AO25,"CSE")+COUNTIF('04-26'!G26:AO26,"CSE")+COUNTIF('04-26'!G27:AO27,"CSE")+COUNTIF('04-26'!G28:AO28,"CSE")+COUNTIF('04-26'!G10:AO10,"CSE/RPX")+COUNTIF('04-26'!G9:AO9,"CSE/RPX")+COUNTIF('04-26'!G8:AO8,"CSE/RPX")+COUNTIF('04-26'!G11:AO11,"CSE/RPX")+COUNTIF('04-26'!F12:AO12,"CSE/RPX")+COUNTIF('04-26'!G13:AO13,"CSE/RPX")+COUNTIF('04-26'!F14:AO14,"CSE/RPX")+COUNTIF('04-26'!G15:AO15,"CSE/RPX")+COUNTIF('04-26'!G16:AO16,"CSE/RPX")+COUNTIF('04-26'!G17:AO17,"CSE/RPX")+COUNTIF('04-26'!G18:AO18,"CSE/RPX")+COUNTIF('04-26'!G19:AO19,"CSE/RPX")+COUNTIF('04-26'!G20:AO20,"CSE/RPX")+COUNTIF('04-26'!G21:AO21,"CSE/RPX")+COUNTIF('04-26'!G22:AO22,"CSE/RPX")+COUNTIF('04-26'!G23:AO23,"CSE/RPX")+COUNTIF('04-26'!G24:AO24,"CSE/RPX")+COUNTIF('04-26'!G25:AO25,"CSE/RPX")+COUNTIF('04-26'!G26:AO26,"CSE/RPX")+COUNTIF('04-26'!G27:AO27,"CSE/RPX")+COUNTIF('04-26'!G28:AO28,"CSE/RPX")+COUNTIF('04-26'!G10:AO10,"RPX")+COUNTIF('04-26'!G9:AO9,"RPX")+COUNTIF('04-26'!G8:AO8,"RPX")+COUNTIF('04-26'!G11:AO11,"RPX")+COUNTIF('04-26'!F12:AO12,"RPX")+COUNTIF('04-26'!G13:AO13,"RPX")+COUNTIF('04-26'!F14:AO14,"RPX")+COUNTIF('04-26'!G15:AO15,"RPX")+COUNTIF('04-26'!G16:AO16,"RPX")+COUNTIF('04-26'!G17:AO17,"RPX")+COUNTIF('04-26'!G18:AO18,"RPX")+COUNTIF('04-26'!G19:AO19,"RPX")+COUNTIF('04-26'!G20:AO20,"RPX")+COUNTIF('04-26'!G21:AO21,"RPX")+COUNTIF('04-26'!G22:AO22,"RPX")+COUNTIF('04-26'!G23:AO23,"RPX")+COUNTIF('04-26'!G24:AO24,"RPX")+COUNTIF('04-26'!G25:AO25,"RPX")+COUNTIF('04-26'!G26:AO26,"RPX")+COUNTIF('04-26'!G27:AO27,"RPX")+COUNTIF('04-26'!G28:AO28,"RPX"),COUNTIF(INDIRECT("'04-26'!G"&VLOOKUP($E$4,$AC$5:$AD$25,2,FALSE())&":AO"&VLOOKUP($E$4,$AC$5:$AD$25,2,FALSE())),"CSE")+COUNTIF(INDIRECT("'04-26'!G"&VLOOKUP($E$4,$AC$5:$AD$25,2,FALSE())&":AO"&VLOOKUP($E$4,$AC$5:$AD$25,2,FALSE())),"CSE/RPX")+COUNTIF(INDIRECT("'04-26'!G"&VLOOKUP($E$4,$AC$5:$AD$25,2,FALSE())&":AO"&VLOOKUP($E$4,$AC$5:$AD$25,2,FALSE())),"RPX")) -> 8 | G9: =IF($E$4="TOUS",COUNTIF('05-26'!G10:AO10,"CSE")+COUNTIF('05-26'!G9:AO9,"CSE")+COUNTIF('05-26'!G8:AO8,"CSE")+COUNTIF('05-26'!G11:AO11,"CSE")+COUNTIF('05-26'!F12:AO12,"CSE")+COUNTIF('05-26'!G13:AO13,"CSE")+COUNTIF('05-26'!F14:AO14,"CSE")+COUNTIF('05-26'!F15:AO15,"CSE")+COUNTIF('05-26'!G16:AO16,"CSE")+COUNTIF('05-26'!F17:AO17,"CSE")+COUNTIF('05-26'!G18:AO18,"CSE")+COUNTIF('05-26'!G19:AO19,"CSE")+COUNTIF('05-26'!G20:AO20,"CSE")+COUNTIF('05-26'!F21:AO21,"CSE")+COUNTIF('05-26'!F22:AO22,"CSE")+COUNTIF('05-26'!G23:AO23,"CSE")+COUNTIF('05-26'!G24:AO24,"CSE")+COUNTIF('05-26'!G25:AO25,"CSE")+COUNTIF('05-26'!G26:AO26,"CSE")+COUNTIF('05-26'!G27:AO27,"CSE")+COUNTIF('05-26'!G28:AO28,"CSE")+COUNTIF('05-26'!G10:AO10,"CSE/RPX")+COUNTIF('05-26'!G9:AO9,"CSE/RPX")+COUNTIF('05-26'!G8:AO8,"CSE/RPX")+COUNTIF('05-26'!G11:AO11,"CSE/RPX")+COUNTIF('05-26'!F12:AO12,"CSE/RPX")+COUNTIF('05-26'!G13:AO13,"CSE/RPX")+COUNTIF('05-26'!F14:AO14,"CSE/RPX")+COUNTIF('05-26'!F15:AO15,"CSE/RPX")+COUNTIF('05-26'!G16:AO16,"CSE/RPX")+COUNTIF('05-26'!F17:AO17,"CSE/RPX")+COUNTIF('05-26'!G18:AO18,"CSE/RPX")+COUNTIF('05-26'!G19:AO19,"CSE/RPX")+COUNTIF('05-26'!G20:AO20,"CSE/RPX")+COUNTIF('05-26'!F21:AO21,"CSE/RPX")+COUNTIF('05-26'!F22:AO22,"CSE/RPX")+COUNTIF('05-26'!G23:AO23,"CSE/RPX")+COUNTIF('05-26'!G24:AO24,"CSE/RPX")+COUNTIF('05-26'!G25:AO25,"CSE/RPX")+COUNTIF('05-26'!G26:AO26,"CSE/RPX")+COUNTIF('05-26'!G27:AO27,"CSE/RPX")+COUNTIF('05-26'!G28:AO28,"CSE/RPX")+COUNTIF('05-26'!G10:AO10,"RPX")+COUNTIF('05-26'!G9:AO9,"RPX")+COUNTIF('05-26'!G8:AO8,"RPX")+COUNTIF('05-26'!G11:AO11,"RPX")+COUNTIF('05-26'!F12:AO12,"RPX")+COUNTIF('05-26'!G13:AO13,"RPX")+COUNTIF('05-26'!F14:AO14,"RPX")+COUNTIF('05-26'!F15:AO15,"RPX")+COUNTIF('05-26'!G16:AO16,"RPX")+COUNTIF('05-26'!F17:AO17,"RPX")+COUNTIF('05-26'!G18:AO18,"RPX")+COUNTIF('05-26'!G19:AO19,"RPX")+COUNTIF('05-26'!G20:AO20,"RPX")+COUNTIF('05-26'!F21:AO21,"RPX")+COUNTIF('05-26'!F22:AO22,"RPX")+COUNTIF('05-26'!G23:AO23,"RPX")+COUNTIF('05-26'!G24:AO24,"RPX")+COUNTIF('05-26'!G25:AO25,"RPX")+COUNTIF('05-26'!G26:AO26,"RPX")+COUNTIF('05-26'!G27:AO27,"RPX")+COUNTIF('05-26'!G28:AO28,"RPX"),COUNTIF(INDIRECT("'05-26'!G"&VLOOKUP($E$4,$AC$5:$AD$25,2,FALSE())&":AO"&VLOOKUP($E$4,$AC$5:$AD$25,2,FALSE())),"CSE")+COUNTIF(INDIRECT("'05-26'!G"&VLOOKUP($E$4,$AC$5:$AD$25,2,FALSE())&":AO"&VLOOKUP($E$4,$AC$5:$AD$25,2,FALSE())),"CSE/RPX")+COUNTIF(INDIRECT("'05-26'!G"&VLOOKUP($E$4,$AC$5:$AD$25,2,FALSE())&":AO"&VLOOKUP($E$4,$AC$5:$AD$25,2,FALSE())),"RPX")) -> 2 | H9: =IF($E$4="TOUS",COUNTIF('06-26'!G10:AO10,"CSE")+COUNTIF('06-26'!G9:AO9,"CSE")+COUNTIF('06-26'!G8:AO8,"CSE")+COUNTIF('06-26'!G11:AO11,"CSE")+COUNTIF('06-26'!F12:AO12,"CSE")+COUNTIF('06-26'!G13:AO13,"CSE")+COUNTIF('06-26'!F14:AO14,"CSE")+COUNTIF('06-26'!F15:AO15,"CSE")+COUNTIF('06-26'!F16:AO16,"CSE")+COUNTIF('06-26'!F17:AO17,"CSE")+COUNTIF('06-26'!G18:AO18,"CSE")+COUNTIF('06-26'!G19:AO19,"CSE")+COUNTIF('06-26'!G20:AO20,"CSE")+COUNTIF('06-26'!F21:AO21,"CSE")+COUNTIF('06-26'!F22:AO22,"CSE")+COUNTIF('06-26'!G23:AO23,"CSE")+COUNTIF('06-26'!G24:AO24,"CSE")+COUNTIF('06-26'!G25:AO25,"CSE")+COUNTIF('06-26'!G26:AO26,"CSE")+COUNTIF('06-26'!G27:AO27,"CSE")+COUNTIF('06-26'!G28:AO28,"CSE")+COUNTIF('06-26'!G10:AO10,"CSE/RPX")+COUNTIF('06-26'!G9:AO9,"CSE/RPX")+COUNTIF('06-26'!G8:AO8,"CSE/RPX")+COUNTIF('06-26'!G11:AO11,"CSE/RPX")+COUNTIF('06-26'!F12:AO12,"CSE/RPX")+COUNTIF('06-26'!G13:AO13,"CSE/RPX")+COUNTIF('06-26'!F14:AO14,"CSE/RPX")+COUNTIF('06-26'!F15:AO15,"CSE/RPX")+COUNTIF('06-26'!F16:AO16,"CSE/RPX")+COUNTIF('06-26'!F17:AO17,"CSE/RPX")+COUNTIF('06-26'!G18:AO18,"CSE/RPX")+COUNTIF('06-26'!G19:AO19,"CSE/RPX")+COUNTIF('06-26'!G20:AO20,"CSE/RPX")+COUNTIF('06-26'!F21:AO21,"CSE/RPX")+COUNTIF('06-26'!F22:AO22,"CSE/RPX")+COUNTIF('06-26'!G23:AO23,"CSE/RPX")+COUNTIF('06-26'!G24:AO24,"CSE/RPX")+COUNTIF('06-26'!G25:AO25,"CSE/RPX")+COUNTIF('06-26'!G26:AO26,"CSE/RPX")+COUNTIF('06-26'!G27:AO27,"CSE/RPX")+COUNTIF('06-26'!G28:AO28,"CSE/RPX")+COUNTIF('06-26'!G10:AO10,"RPX")+COUNTIF('06-26'!G9:AO9,"RPX")+COUNTIF('06-26'!G8:AO8,"RPX")+COUNTIF('06-26'!G11:AO11,"RPX")+COUNTIF('06-26'!F12:AO12,"RPX")+COUNTIF('06-26'!G13:AO13,"RPX")+COUNTIF('06-26'!F14:AO14,"RPX")+COUNTIF('06-26'!F15:AO15,"RPX")+COUNTIF('06-26'!F16:AO16,"RPX")+COUNTIF('06-26'!F17:AO17,"RPX")+COUNTIF('06-26'!G18:AO18,"RPX")+COUNTIF('06-26'!G19:AO19,"RPX")+COUNTIF('06-26'!G20:AO20,"RPX")+COUNTIF('06-26'!F21:AO21,"RPX")+COUNTIF('06-26'!F22:AO22,"RPX")+COUNTIF('06-26'!G23:AO23,"RPX")+COUNTIF('06-26'!G24:AO24,"RPX")+COUNTIF('06-26'!G25:AO25,"RPX")+COUNTIF('06-26'!G26:AO26,"RPX")+COUNTIF('06-26'!G27:AO27,"RPX")+COUNTIF('06-26'!G28:AO28,"RPX"),COUNTIF(INDIRECT("'06-26'!G"&VLOOKUP($E$4,$AC$5:$AD$25,2,FALSE())&":AO"&VLOOKUP($E$4,$AC$5:$AD$25,2,FALSE())),"CSE")+COUNTIF(INDIRECT("'06-26'!G"&VLOOKUP($E$4,$AC$5:$AD$25,2,FALSE())&":AO"&VLOOKUP($E$4,$AC$5:$AD$25,2,FALSE())),"CSE/RPX")+COUNTIF(INDIRECT("'06-26'!G"&VLOOKUP($E$4,$AC$5:$AD$25,2,FALSE())&":AO"&VLOOKUP($E$4,$AC$5:$AD$25,2,FALSE())),"RPX")) -> 1 | I9: =IF($E$4="TOUS",COUNTIF('07-26'!G10:AO10,"CSE")+COUNTIF('07-26'!G9:AO9,"CSE")+COUNTIF('07-26'!G8:AO8,"CSE")+COUNTIF('07-26'!F11:AO11,"CSE")+COUNTIF('07-26'!G12:AO12,"CSE")+COUNTIF('07-26'!G13:AO13,"CSE")+COUNTIF('07-26'!F14:AO14,"CSE")+COUNTIF('07-26'!F15:AO15,"CSE")+COUNTIF('07-26'!G16:AO16,"CSE")+COUNTIF('07-26'!G17:AO17,"CSE")+COUNTIF('07-26'!G18:AO18,"CSE")+COUNTIF('07-26'!G19:AO19,"CSE")+COUNTIF('07-26'!F20:AO20,"CSE")+COUNTIF('07-26'!F21:AO21,"CSE")+COUNTIF('07-26'!F22:AO22,"CSE")+COUNTIF('07-26'!G23:AO23,"CSE")+COUNTIF('07-26'!G24:AO24,"CSE")+COUNTIF('07-26'!G25:AO25,"CSE")+COUNTIF('07-26'!G26:AO26,"CSE")+COUNTIF('07-26'!G27:AO27,"CSE")+COUNTIF('07-26'!G28:AO28,"CSE")+COUNTIF('07-26'!G10:AO10,"CSE/RPX")+COUNTIF('07-26'!G9:AO9,"CSE/RPX")+COUNTIF('07-26'!G8:AO8,"CSE/RPX")+COUNTIF('07-26'!F11:AO11,"CSE/RPX")+COUNTIF('07-26'!G12:AO12,"CSE/RPX")+COUNTIF('07-26'!G13:AO13,"CSE/RPX")+COUNTIF('07-26'!F14:AO14,"CSE/RPX")+COUNTIF('07-26'!F15:AO15,"CSE/RPX")+COUNTIF('07-26'!G16:AO16,"CSE/RPX")+COUNTIF('07-26'!G17:AO17,"CSE/RPX")+COUNTIF('07-26'!G18:AO18,"CSE/RPX")+COUNTIF('07-26'!G19:AO19,"CSE/RPX")+COUNTIF('07-26'!F20:AO20,"CSE/RPX")+COUNTIF('07-26'!F21:AO21,"CSE/RPX")+COUNTIF('07-26'!F22:AO22,"CSE/RPX")+COUNTIF('07-26'!G23:AO23,"CSE/RPX")+COUNTIF('07-26'!G24:AO24,"CSE/RPX")+COUNTIF('07-26'!G25:AO25,"CSE/RPX")+COUNTIF('07-26'!G26:AO26,"CSE/RPX")+COUNTIF('07-26'!G27:AO27,"CSE/RPX")+COUNTIF('07-26'!G28:AO28,"CSE/RPX")+COUNTIF('07-26'!G10:AO10,"RPX")+COUNTIF('07-26'!G9:AO9,"RPX")+COUNTIF('07-26'!G8:AO8,"RPX")+COUNTIF('07-26'!F11:AO11,"RPX")+COUNTIF('07-26'!G12:AO12,"RPX")+COUNTIF('07-26'!G13:AO13,"RPX")+COUNTIF('07-26'!F14:AO14,"RPX")+COUNTIF('07-26'!F15:AO15,"RPX")+COUNTIF('07-26'!G16:AO16,"RPX")+COUNTIF('07-26'!G17:AO17,"RPX")+COUNTIF('07-26'!G18:AO18,"RPX")+COUNTIF('07-26'!G19:AO19,"RPX")+COUNTIF('07-26'!F20:AO20,"RPX")+COUNTIF('07-26'!F21:AO21,"RPX")+COUNTIF('07-26'!F22:AO22,"RPX")+COUNTIF('07-26'!G23:AO23,"RPX")+COUNTIF('07-26'!G24:AO24,"RPX")+COUNTIF('07-26'!G25:AO25,"RPX")+COUNTIF('07-26'!G26:AO26,"RPX")+COUNTIF('07-26'!G27:AO27,"RPX")+COUNTIF('07-26'!G28:AO28,"RPX"),COUNTIF(INDIRECT("'07-26'!G"&VLOOKUP($E$4,$AC$5:$AD$25,2,FALSE())&":AO"&VLOOKUP($E$4,$AC$5:$AD$25,2,FALSE())),"CSE")+COUNTIF(INDIRECT("'07-26'!G"&VLOOKUP($E$4,$AC$5:$AD$25,2,FALSE())&":AO"&VLOOKUP($E$4,$AC$5:$AD$25,2,FALSE())),"CSE/RPX")+COUNTIF(INDIRECT("'07-26'!G"&VLOOKUP($E$4,$AC$5:$AD$25,2,FALSE())&":AO"&VLOOKUP($E$4,$AC$5:$AD$25,2,FALSE())),"RPX")) -> 3 | J9: =IF($E$4="TOUS",COUNTIF('08-26'!G10:AO10,"CSE")+COUNTIF('08-26'!G9:AO9,"CSE")+COUNTIF('08-26'!G8:AO8,"CSE")+COUNTIF('08-26'!F11:AO11,"CSE")+COUNTIF('08-26'!F12:AO12,"CSE")+COUNTIF('08-26'!F13:AO13,"CSE")+COUNTIF('08-26'!F14:AO14,"CSE")+COUNTIF('08-26'!F15:AO15,"CSE")+COUNTIF('08-26'!G16:AO16,"CSE")+COUNTIF('08-26'!F17:AO17,"CSE")+COUNTIF('08-26'!G18:AO18,"CSE")+COUNTIF('08-26'!F19:AO19,"CSE")+COUNTIF('08-26'!F20:AO20,"CSE")+COUNTIF('08-26'!G21:AO21,"CSE")+COUNTIF('08-26'!F22:AO22,"CSE")+COUNTIF('08-26'!G23:AO23,"CSE")+COUNTIF('08-26'!G24:AO24,"CSE")+COUNTIF('08-26'!G25:AO25,"CSE")+COUNTIF('08-26'!G26:AO26,"CSE")+COUNTIF('08-26'!G27:AO27,"CSE")+COUNTIF('08-26'!G28:AO28,"CSE")+COUNTIF('08-26'!G10:AO10,"CSE/RPX")+COUNTIF('08-26'!G9:AO9,"CSE/RPX")+COUNTIF('08-26'!G8:AO8,"CSE/RPX")+COUNTIF('08-26'!F11:AO11,"CSE/RPX")+COUNTIF('08-26'!F12:AO12,"CSE/RPX")+COUNTIF('08-26'!F13:AO13,"CSE/RPX")+COUNTIF('08-26'!F14:AO14,"CSE/RPX")+COUNTIF('08-26'!F15:AO15,"CSE/RPX")+COUNTIF('08-26'!G16:AO16,"CSE/RPX")+COUNTIF('08-26'!F17:AO17,"CSE/RPX")+COUNTIF('08-26'!G18:AO18,"CSE/RPX")+COUNTIF('08-26'!F19:AO19,"CSE/RPX")+COUNTIF('08-26'!F20:AO20,"CSE/RPX")+COUNTIF('08-26'!G21:AO21,"CSE/RPX")+COUNTIF('08-26'!F22:AO22,"CSE/RPX")+COUNTIF('08-26'!G23:AO23,"CSE/RPX")+COUNTIF('08-26'!G24:AO24,"CSE/RPX")+COUNTIF('08-26'!G25:AO25,"CSE/RPX")+COUNTIF('08-26'!G26:AO26,"CSE/RPX")+COUNTIF('08-26'!G27:AO27,"CSE/RPX")+COUNTIF('08-26'!G28:AO28,"CSE/RPX")+COUNTIF('08-26'!G10:AO10,"RPX")+COUNTIF('08-26'!G9:AO9,"RPX")+COUNTIF('08-26'!G8:AO8,"RPX")+COUNTIF('08-26'!F11:AO11,"RPX")+COUNTIF('08-26'!F12:AO12,"RPX")+COUNTIF('08-26'!F13:AO13,"RPX")+COUNTIF('08-26'!F14:AO14,"RPX")+COUNTIF('08-26'!F15:AO15,"RPX")+COUNTIF('08-26'!G16:AO16,"RPX")+COUNTIF('08-26'!F17:AO17,"RPX")+COUNTIF('08-26'!G18:AO18,"RPX")+COUNTIF('08-26'!F19:AO19,"RPX")+COUNTIF('08-26'!F20:AO20,"RPX")+COUNTIF('08-26'!G21:AO21,"RPX")+COUNTIF('08-26'!F22:AO22,"RPX")+COUNTIF('08-26'!G23:AO23,"RPX")+COUNTIF('08-26'!G24:AO24,"RPX")+COUNTIF('08-26'!G25:AO25,"RPX")+COUNTIF('08-26'!G26:AO26,"RPX")+COUNTIF('08-26'!G27:AO27,"RPX")+COUNTIF('08-26'!G28:AO28,"RPX"),COUNTIF(INDIRECT("'08-26'!G"&VLOOKUP($E$4,$AC$5:$AD$25,2,FALSE())&":AO"&VLOOKUP($E$4,$AC$5:$AD$25,2,FALSE())),"CSE")+COUNTIF(INDIRECT("'08-26'!G"&VLOOKUP($E$4,$AC$5:$AD$25,2,FALSE())&":AO"&VLOOKUP($E$4,$AC$5:$AD$25,2,FALSE())),"CSE/RPX")+COUNTIF(INDIRECT("'08-26'!G"&VLOOKUP($E$4,$AC$5:$AD$25,2,FALSE())&":AO"&VLOOKUP($E$4,$AC$5:$AD$25,2,FALSE())),"RPX")) -> 0 | K9: =IF($E$4="TOUS",COUNTIF('09-26'!G10:AO10,"CSE")+COUNTIF('09-26'!G9:AO9,"CSE")+COUNTIF('09-26'!G8:AO8,"CSE")+COUNTIF('09-26'!F11:AO11,"CSE")+COUNTIF('09-26'!F12:AO12,"CSE")+COUNTIF('09-26'!G13:AO13,"CSE")+COUNTIF('09-26'!G14:AO14,"CSE")+COUNTIF('09-26'!F15:AO15,"CSE")+COUNTIF('09-26'!F16:AO16,"CSE")+COUNTIF('09-26'!F17:AO17,"CSE")+COUNTIF('09-26'!F18:AO18,"CSE")+COUNTIF('09-26'!G19:AO19,"CSE")+COUNTIF('09-26'!G20:AO20,"CSE")+COUNTIF('09-26'!F21:AO21,"CSE")+COUNTIF('09-26'!G22:AO22,"CSE")+COUNTIF('09-26'!G23:AO23,"CSE")+COUNTIF('09-26'!G24:AO24,"CSE")+COUNTIF('09-26'!G25:AO25,"CSE")+COUNTIF('09-26'!G26:AO26,"CSE")+COUNTIF('09-26'!G27:AO27,"CSE")+COUNTIF('09-26'!G28:AO28,"CSE")+COUNTIF('09-26'!G10:AO10,"CSE/RPX")+COUNTIF('09-26'!G9:AO9,"CSE/RPX")+COUNTIF('09-26'!G8:AO8,"CSE/RPX")+COUNTIF('09-26'!F11:AO11,"CSE/RPX")+COUNTIF('09-26'!F12:AO12,"CSE/RPX")+COUNTIF('09-26'!G13:AO13,"CSE/RPX")+COUNTIF('09-26'!G14:AO14,"CSE/RPX")+COUNTIF('09-26'!F15:AO15,"CSE/RPX")+COUNTIF('09-26'!F16:AO16,"CSE/RPX")+COUNTIF('09-26'!F17:AO17,"CSE/RPX")+COUNTIF('09-26'!F18:AO18,"CSE/RPX")+COUNTIF('09-26'!G19:AO19,"CSE/RPX")+COUNTIF('09-26'!G20:AO20,"CSE/RPX")+COUNTIF('09-26'!F21:AO21,"CSE/RPX")+COUNTIF('09-26'!G22:AO22,"CSE/RPX")+COUNTIF('09-26'!G23:AO23,"CSE/RPX")+COUNTIF('09-26'!G24:AO24,"CSE/RPX")+COUNTIF('09-26'!G25:AO25,"CSE/RPX")+COUNTIF('09-26'!G26:AO26,"CSE/RPX")+COUNTIF('09-26'!G27:AO27,"CSE/RPX")+COUNTIF('09-26'!G28:AO28,"CSE/RPX")+COUNTIF('09-26'!G10:AO10,"RPX")+COUNTIF('09-26'!G9:AO9,"RPX")+COUNTIF('09-26'!G8:AO8,"RPX")+COUNTIF('09-26'!F11:AO11,"RPX")+COUNTIF('09-26'!F12:AO12,"RPX")+COUNTIF('09-26'!G13:AO13,"RPX")+COUNTIF('09-26'!G14:AO14,"RPX")+COUNTIF('09-26'!F15:AO15,"RPX")+COUNTIF('09-26'!F16:AO16,"RPX")+COUNTIF('09-26'!F17:AO17,"RPX")+COUNTIF('09-26'!F18:AO18,"RPX")+COUNTIF('09-26'!G19:AO19,"RPX")+COUNTIF('09-26'!G20:AO20,"RPX")+COUNTIF('09-26'!F21:AO21,"RPX")+COUNTIF('09-26'!G22:AO22,"RPX")+COUNTIF('09-26'!G23:AO23,"RPX")+COUNTIF('09-26'!G24:AO24,"RPX")+COUNTIF('09-26'!G25:AO25,"RPX")+COUNTIF('09-26'!G26:AO26,"RPX")+COUNTIF('09-26'!G27:AO27,"RPX")+COUNTIF('09-26'!G28:AO28,"RPX"),COUNTIF(INDIRECT("'09-26'!G"&VLOOKUP($E$4,$AC$5:$AD$25,2,FALSE())&":AO"&VLOOKUP($E$4,$AC$5:$AD$25,2,FALSE())),"CSE")+COUNTIF(INDIRECT("'09-26'!G"&VLOOKUP($E$4,$AC$5:$AD$25,2,FALSE())&":AO"&VLOOKUP($E$4,$AC$5:$AD$25,2,FALSE())),"CSE/RPX")+COUNTIF(INDIRECT("'09-26'!G"&VLOOKUP($E$4,$AC$5:$AD$25,2,FALSE())&":AO"&VLOOKUP($E$4,$AC$5:$AD$25,2,FALSE())),"RPX")) -> 3 | L9: =IF($E$4="TOUS",COUNTIF('10-26'!G10:AO10,"CSE")+COUNTIF('10-26'!G9:AO9,"CSE")+COUNTIF('10-26'!G8:AO8,"CSE")+COUNTIF('10-26'!F11:AO11,"CSE")+COUNTIF('10-26'!F12:AO12,"CSE")+COUNTIF('10-26'!G13:AO13,"CSE")+COUNTIF('10-26'!F14:AO14,"CSE")+COUNTIF('10-26'!F15:AO15,"CSE")+COUNTIF('10-26'!F16:AO16,"CSE")+COUNTIF('10-26'!F17:AO17,"CSE")+COUNTIF('10-26'!G18:AO18,"CSE")+COUNTIF('10-26'!G19:AO19,"CSE")+COUNTIF('10-26'!F20:AO20,"CSE")+COUNTIF('10-26'!G21:AO21,"CSE")+COUNTIF('10-26'!G22:AO22,"CSE")+COUNTIF('10-26'!F23:AO23,"CSE")+COUNTIF('10-26'!G24:AO24,"CSE")+COUNTIF('10-26'!G25:AO25,"CSE")+COUNTIF('10-26'!G26:AO26,"CSE")+COUNTIF('10-26'!G27:AO27,"CSE")+COUNTIF('10-26'!G28:AO28,"CSE")+COUNTIF('10-26'!G10:AO10,"CSE/RPX")+COUNTIF('10-26'!G9:AO9,"CSE/RPX")+COUNTIF('10-26'!G8:AO8,"CSE/RPX")+COUNTIF('10-26'!F11:AO11,"CSE/RPX")+COUNTIF('10-26'!F12:AO12,"CSE/RPX")+COUNTIF('10-26'!G13:AO13,"CSE/RPX")+COUNTIF('10-26'!F14:AO14,"CSE/RPX")+COUNTIF('10-26'!F15:AO15,"CSE/RPX")+COUNTIF('10-26'!F16:AO16,"CSE/RPX")+COUNTIF('10-26'!F17:AO17,"CSE/RPX")+COUNTIF('10-26'!G18:AO18,"CSE/RPX")+COUNTIF('10-26'!G19:AO19,"CSE/RPX")+COUNTIF('10-26'!F20:AO20,"CSE/RPX")+COUNTIF('10-26'!G21:AO21,"CSE/RPX")+COUNTIF('10-26'!G22:AO22,"CSE/RPX")+COUNTIF('10-26'!F23:AO23,"CSE/RPX")+COUNTIF('10-26'!G24:AO24,"CSE/RPX")+COUNTIF('10-26'!G25:AO25,"CSE/RPX")+COUNTIF('10-26'!G26:AO26,"CSE/RPX")+COUNTIF('10-26'!G27:AO27,"CSE/RPX")+COUNTIF('10-26'!G28:AO28,"CSE/RPX")+COUNTIF('10-26'!G10:AO10,"RPX")+COUNTIF('10-26'!G9:AO9,"RPX")+COUNTIF('10-26'!G8:AO8,"RPX")+COUNTIF('10-26'!F11:AO11,"RPX")+COUNTIF('10-26'!F12:AO12,"RPX")+COUNTIF('10-26'!G13:AO13,"RPX")+COUNTIF('10-26'!F14:AO14,"RPX")+COUNTIF('10-26'!F15:AO15,"RPX")+COUNTIF('10-26'!F16:AO16,"RPX")+COUNTIF('10-26'!F17:AO17,"RPX")+COUNTIF('10-26'!G18:AO18,"RPX")+COUNTIF('10-26'!G19:AO19,"RPX")+COUNTIF('10-26'!F20:AO20,"RPX")+COUNTIF('10-26'!G21:AO21,"RPX")+COUNTIF('10-26'!G22:AO22,"RPX")+COUNTIF('10-26'!F23:AO23,"RPX")+COUNTIF('10-26'!G24:AO24,"RPX")+COUNTIF('10-26'!G25:AO25,"RPX")+COUNTIF('10-26'!G26:AO26,"RPX")+COUNTIF('10-26'!G27:AO27,"RPX")+COUNTIF('10-26'!G28:AO28,"RPX"),COUNTIF(INDIRECT("'10-26'!G"&VLOOKUP($E$4,$AC$5:$AD$25,2,FALSE())&":AO"&VLOOKUP($E$4,$AC$5:$AD$25,2,FALSE())),"CSE")+COUNTIF(INDIRECT("'10-26'!G"&VLOOKUP($E$4,$AC$5:$AD$25,2,FALSE())&":AO"&VLOOKUP($E$4,$AC$5:$AD$25,2,FALSE())),"CSE/RPX")+COUNTIF(INDIRECT("'10-26'!G"&VLOOKUP($E$4,$AC$5:$AD$25,2,FALSE())&":AO"&VLOOKUP($E$4,$AC$5:$AD$25,2,FALSE())),"RPX")) -> 2 | M9: =IF($E$4="TOUS",COUNTIF('11-26'!G10:AO10,"CSE")+COUNTIF('11-26'!G9:AO9,"CSE")+COUNTIF('11-26'!G8:AO8,"CSE")+COUNTIF('11-26'!G11:AO11,"CSE")+COUNTIF('11-26'!F12:AO12,"CSE")+COUNTIF('11-26'!G13:AO13,"CSE")+COUNTIF('11-26'!F14:AO14,"CSE")+COUNTIF('11-26'!F15:AO15,"CSE")+COUNTIF('11-26'!G16:AO16,"CSE")+COUNTIF('11-26'!G17:AO17,"CSE")+COUNTIF('11-26'!G18:AO18,"CSE")+COUNTIF('11-26'!G19:AO19,"CSE")+COUNTIF('11-26'!F20:AO20,"CSE")+COUNTIF('11-26'!F21:AO21,"CSE")+COUNTIF('11-26'!F22:AO22,"CSE")+COUNTIF('11-26'!G23:AO23,"CSE")+COUNTIF('11-26'!G24:AO24,"CSE")+COUNTIF('11-26'!G25:AO25,"CSE")+COUNTIF('11-26'!G26:AO26,"CSE")+COUNTIF('11-26'!G27:AO27,"CSE")+COUNTIF('11-26'!G28:AO28,"CSE")+COUNTIF('11-26'!G10:AO10,"CSE/RPX")+COUNTIF('11-26'!G9:AO9,"CSE/RPX")+COUNTIF('11-26'!G8:AO8,"CSE/RPX")+COUNTIF('11-26'!G11:AO11,"CSE/RPX")+COUNTIF('11-26'!F12:AO12,"CSE/RPX")+COUNTIF('11-26'!G13:AO13,"CSE/RPX")+COUNTIF('11-26'!F14:AO14,"CSE/RPX")+COUNTIF('11-26'!F15:AO15,"CSE/RPX")+COUNTIF('11-26'!G16:AO16,"CSE/RPX")+COUNTIF('11-26'!G17:AO17,"CSE/RPX")+COUNTIF('11-26'!G18:AO18,"CSE/RPX")+COUNTIF('11-26'!G19:AO19,"CSE/RPX")+COUNTIF('11-26'!F20:AO20,"CSE/RPX")+COUNTIF('11-26'!F21:AO21,"CSE/RPX")+COUNTIF('11-26'!F22:AO22,"CSE/RPX")+COUNTIF('11-26'!G23:AO23,"CSE/RPX")+COUNTIF('11-26'!G24:AO24,"CSE/RPX")+COUNTIF('11-26'!G25:AO25,"CSE/RPX")+COUNTIF('11-26'!G26:AO26,"CSE/RPX")+COUNTIF('11-26'!G27:AO27,"CSE/RPX")+COUNTIF('11-26'!G28:AO28,"CSE/RPX")+COUNTIF('11-26'!G10:AO10,"RPX")+COUNTIF('11-26'!G9:AO9,"RPX")+COUNTIF('11-26'!G8:AO8,"RPX")+COUNTIF('11-26'!G11:AO11,"RPX")+COUNTIF('11-26'!F12:AO12,"RPX")+COUNTIF('11-26'!G13:AO13,"RPX")+COUNTIF('11-26'!F14:AO14,"RPX")+COUNTIF('11-26'!F15:AO15,"RPX")+COUNTIF('11-26'!G16:AO16,"RPX")+COUNTIF('11-26'!G17:AO17,"RPX")+COUNTIF('11-26'!G18:AO18,"RPX")+COUNTIF('11-26'!G19:AO19,"RPX")+COUNTIF('11-26'!F20:AO20,"RPX")+COUNTIF('11-26'!F21:AO21,"RPX")+COUNTIF('11-26'!F22:AO22,"RPX")+COUNTIF('11-26'!G23:AO23,"RPX")+COUNTIF('11-26'!G24:AO24,"RPX")+COUNTIF('11-26'!G25:AO25,"RPX")+COUNTIF('11-26'!G26:AO26,"RPX")+COUNTIF('11-26'!G27:AO27,"RPX")+COUNTIF('11-26'!G28:AO28,"RPX"),COUNTIF(INDIRECT("'11-26'!G"&VLOOKUP($E$4,$AC$5:$AD$25,2,FALSE())&":AO"&VLOOKUP($E$4,$AC$5:$AD$25,2,FALSE())),"CSE")+COUNTIF(INDIRECT("'11-26'!G"&VLOOKUP($E$4,$AC$5:$AD$25,2,FALSE())&":AO"&VLOOKUP($E$4,$AC$5:$AD$25,2,FALSE())),"CSE/RPX")+COUNTIF(INDIRECT("'11-26'!G"&VLOOKUP($E$4,$AC$5:$AD$25,2,FALSE())&":AO"&VLOOKUP($E$4,$AC$5:$AD$25,2,FALSE())),"RPX")) -> 2 | N9: =IF($E$4="TOUS",COUNTIF('12-26'!G10:AO10,"CSE")+COUNTIF('12-26'!G9:AO9,"CSE")+COUNTIF('12-26'!G8:AO8,"CSE")+COUNTIF('12-26'!G11:AO11,"CSE")+COUNTIF('12-26'!G12:AO12,"CSE")+COUNTIF('12-26'!G13:AO13,"CSE")+COUNTIF('12-26'!G14:AO14,"CSE")+COUNTIF('12-26'!F15:AO15,"CSE")+COUNTIF('12-26'!G16:AO16,"CSE")+COUNTIF('12-26'!F17:AO17,"CSE")+COUNTIF('12-26'!G18:AO18,"CSE")+COUNTIF('12-26'!G19:AO19,"CSE")+COUNTIF('12-26'!F20:AO20,"CSE")+COUNTIF('12-26'!F21:AO21,"CSE")+COUNTIF('12-26'!F22:AO22,"CSE")+COUNTIF('12-26'!G23:AO23,"CSE")+COUNTIF('12-26'!G24:AO24,"CSE")+COUNTIF('12-26'!G25:AO25,"CSE")+COUNTIF('12-26'!G26:AO26,"CSE")+COUNTIF('12-26'!G27:AO27,"CSE")+COUNTIF('12-26'!G28:AO28,"CSE")+COUNTIF('12-26'!G10:AO10,"CSE/RPX")+COUNTIF('12-26'!G9:AO9,"CSE/RPX")+COUNTIF('12-26'!G8:AO8,"CSE/RPX")+COUNTIF('12-26'!G11:AO11,"CSE/RPX")+COUNTIF('12-26'!G12:AO12,"CSE/RPX")+COUNTIF('12-26'!G13:AO13,"CSE/RPX")+COUNTIF('12-26'!G14:AO14,"CSE/RPX")+COUNTIF('12-26'!F15:AO15,"CSE/RPX")+COUNTIF('12-26'!G16:AO16,"CSE/RPX")+COUNTIF('12-26'!F17:AO17,"CSE/RPX")+COUNTIF('12-26'!G18:AO18,"CSE/RPX")+COUNTIF('12-26'!G19:AO19,"CSE/RPX")+COUNTIF('12-26'!F20:AO20,"CSE/RPX")+COUNTIF('12-26'!F21:AO21,"CSE/RPX")+COUNTIF('12-26'!F22:AO22,"CSE/RPX")+COUNTIF('12-26'!G23:AO23,"CSE/RPX")+COUNTIF('12-26'!G24:AO24,"CSE/RPX")+COUNTIF('12-26'!G25:AO25,"CSE/RPX")+COUNTIF('12-26'!G26:AO26,"CSE/RPX")+COUNTIF('12-26'!G27:AO27,"CSE/RPX")+COUNTIF('12-26'!G28:AO28,"CSE/RPX")+COUNTIF('12-26'!G10:AO10,"RPX")+COUNTIF('12-26'!G9:AO9,"RPX")+COUNTIF('12-26'!G8:AO8,"RPX")+COUNTIF('12-26'!G11:AO11,"RPX")+COUNTIF('12-26'!G12:AO12,"RPX")+COUNTIF('12-26'!G13:AO13,"RPX")+COUNTIF('12-26'!G14:AO14,"RPX")+COUNTIF('12-26'!F15:AO15,"RPX")+COUNTIF('12-26'!G16:AO16,"RPX")+COUNTIF('12-26'!F17:AO17,"RPX")+COUNTIF('12-26'!G18:AO18,"RPX")+COUNTIF('12-26'!G19:AO19,"RPX")+COUNTIF('12-26'!F20:AO20,"RPX")+COUNTIF('12-26'!F21:AO21,"RPX")+COUNTIF('12-26'!F22:AO22,"RPX")+COUNTIF('12-26'!G23:AO23,"RPX")+COUNTIF('12-26'!G24:AO24,"RPX")+COUNTIF('12-26'!G25:AO25,"RPX")+COUNTIF('12-26'!G26:AO26,"RPX")+COUNTIF('12-26'!G27:AO27,"RPX")+COUNTIF('12-26'!G28:AO28,"RPX"),COUNTIF(INDIRECT("'12-26'!G"&VLOOKUP($E$4,$AC$5:$AD$25,2,FALSE())&":AO"&VLOOKUP($E$4,$AC$5:$AD$25,2,FALSE())),"CSE")+COUNTIF(INDIRECT("'12-26'!G"&VLOOKUP($E$4,$AC$5:$AD$25,2,FALSE())&":AO"&VLOOKUP($E$4,$AC$5:$AD$25,2,FALSE())),"CSE/RPX")+COUNTIF(INDIRECT("'12-26'!G"&VLOOKUP($E$4,$AC$5:$AD$25,2,FALSE())&":AO"&VLOOKUP($E$4,$AC$5:$AD$25,2,FALSE())),"RPX")) -> 0 | O9: =SUM(C9:N9) -> 39 | Q9: MAJET P. | R9: =COUNTIF('01-26'!G9:AO9,"TP")+COUNTIF('02-26'!G9:AO9,"TP")+COUNTIF('03-26'!G9:AO9,"TP")+COUNTIF('04-26'!G9:AO9,"TP")+COUNTIF('05-26'!G9:AO9,"TP")+COUNTIF('06-26'!G9:AO9,"TP")+COUNTIF('07-26'!G9:AO9,"TP")+COUNTIF('08-26'!G9:AO9,"TP")+COUNTIF('09-26'!G9:AO9,"TP")+COUNTIF('10-26'!G9:AO9,"TP")+COUNTIF('11-26'!G9:AO9,"TP")+COUNTIF('12-26'!G9:AO9,"TP") -> 0 | S9: =COUNTIF('01-26'!G9:AO9,"CSE")+COUNTIF('01-26'!G9:AO9,"CSE/RPX")+COUNTIF('01-26'!G9:AO9,"RPX")+COUNTIF('02-26'!G9:AO9,"CSE")+COUNTIF('02-26'!G9:AO9,"CSE/RPX")+COUNTIF('02-26'!G9:AO9,"RPX")+COUNTIF('03-26'!G9:AO9,"CSE")+COUNTIF('03-26'!G9:AO9,"CSE/RPX")+COUNTIF('03-26'!G9:AO9,"RPX")+COUNTIF('04-26'!G9:AO9,"CSE")+COUNTIF('04-26'!G9:AO9,"CSE/RPX")+COUNTIF('04-26'!G9:AO9,"RPX")+COUNTIF('05-26'!G9:AO9,"CSE")+COUNTIF('05-26'!G9:AO9,"CSE/RPX")+COUNTIF('05-26'!G9:AO9,"RPX")+COUNTIF('06-26'!G9:AO9,"CSE")+COUNTIF('06-26'!G9:AO9,"CSE/RPX")+COUNTIF('06-26'!G9:AO9,"RPX")+COUNTIF('07-26'!G9:AO9,"CSE")+COUNTIF('07-26'!G9:AO9,"CSE/RPX")+COUNTIF('07-26'!G9:AO9,"RPX")+COUNTIF('08-26'!G9:AO9,"CSE")+COUNTIF('08-26'!G9:AO9,"CSE/RPX")+COUNTIF('08-26'!G9:AO9,"RPX")+COUNTIF('09-26'!G9:AO9,"CSE")+COUNTIF('09-26'!G9:AO9,"CSE/RPX")+COUNTIF('09-26'!G9:AO9,"RPX")+COUNTIF('10-26'!G9:AO9,"CSE")+COUNTIF('10-26'!G9:AO9,"CSE/RPX")+COUNTIF('10-26'!G9:AO9,"RPX")+COUNTIF('11-26'!G9:AO9,"CSE")+COUNTIF('11-26'!G9:AO9,"CSE/RPX")+COUNTIF('11-26'!G9:AO9,"RPX")+COUNTIF('12-26'!G9:AO9,"CSE")+COUNTIF('12-26'!G9:AO9,"CSE/RPX")+COUNTIF('12-26'!G9:AO9,"RPX") -> 0 | T9: =COUNTIF('01-26'!G9:AO9,"CA/RC")+COUNTIF('01-26'!G9:AO9,"CA")+COUNTIF('02-26'!G9:AO9,"CA/RC")+COUNTIF('02-26'!G9:AO9,"CA")+COUNTIF('03-26'!G9:AO9,"CA/RC")+COUNTIF('03-26'!G9:AO9,"CA")+COUNTIF('04-26'!G9:AO9,"CA/RC")+COUNTIF('04-26'!G9:AO9,"CA")+COUNTIF('05-26'!G9:AO9,"CA/RC")+COUNTIF('05-26'!G9:AO9,"CA")+COUNTIF('06-26'!G9:AO9,"CA/RC")+COUNTIF('06-26'!G9:AO9,"CA")+COUNTIF('07-26'!G9:AO9,"CA/RC")+COUNTIF('07-26'!G9:AO9,"CA")+COUNTIF('08-26'!G9:AO9,"CA/RC")+COUNTIF('08-26'!G9:AO9,"CA")+COUNTIF('09-26'!G9:AO9,"CA/RC")+COUNTIF('09-26'!G9:AO9,"CA")+COUNTIF('10-26'!G9:AO9,"CA/RC")+COUNTIF('10-26'!G9:AO9,"CA")+COUNTIF('11-26'!G9:AO9,"CA/RC")+COUNTIF('11-26'!G9:AO9,"CA")+COUNTIF('12-26'!G9:AO9,"CA/RC")+COUNTIF('12-26'!G9:AO9,"CA") -> 34 | U9: =COUNTIF('01-26'!G9:AO9,"ATM/ATA")+COUNTIF('01-26'!G9:AO9,"ATM")+COUNTIF('01-26'!G9:AO9,"ATA")+COUNTIF('02-26'!G9:AO9,"ATM/ATA")+COUNTIF('02-26'!G9:AO9,"ATM")+COUNTIF('02-26'!G9:AO9,"ATA")+COUNTIF('03-26'!G9:AO9,"ATM/ATA")+COUNTIF('03-26'!G9:AO9,"ATM")+COUNTIF('03-26'!G9:AO9,"ATA")+COUNTIF('04-26'!G9:AO9,"ATM/ATA")+COUNTIF('04-26'!G9:AO9,"ATM")+COUNTIF('04-26'!G9:AO9,"ATA")+COUNTIF('05-26'!G9:AO9,"ATM/ATA")+COUNTIF('05-26'!G9:AO9,"ATM")+COUNTIF('05-26'!G9:AO9,"ATA")+COUNTIF('06-26'!G9:AO9,"ATM/ATA")+COUNTIF('06-26'!G9:AO9,"ATM")+COUNTIF('06-26'!G9:AO9,"ATA")+COUNTIF('07-26'!G9:AO9,"ATM/ATA")+COUNTIF('07-26'!G9:AO9,"ATM")+COUNTIF('07-26'!G9:AO9,"ATA")+COUNTIF('08-26'!G9:AO9,"ATM/ATA")+COUNTIF('08-26'!G9:AO9,"ATM")+COUNTIF('08-26'!G9:AO9,"ATA")+COUNTIF('09-26'!G9:AO9,"ATM/ATA")+COUNTIF('09-26'!G9:AO9,"ATM")+COUNTIF('09-26'!G9:AO9,"ATA")+COUNTIF('10-26'!G9:AO9,"ATM/ATA")+COUNTIF('10-26'!G9:AO9,"ATM")+COUNTIF('10-26'!G9:AO9,"ATA")+COUNTIF('11-26'!G9:AO9,"ATM/ATA")+COUNTIF('11-26'!G9:AO9,"ATM")+COUNTIF('11-26'!G9:AO9,"ATA")+COUNTIF('12-26'!G9:AO9,"ATM/ATA")+COUNTIF('12-26'!G9:AO9,"ATM")+COUNTIF('12-26'!G9:AO9,"ATA") -> 0 | V9: =COUNTIF('01-26'!G9:AO9,"ASA")+COUNTIF('02-26'!G9:AO9,"ASA")+COUNTIF('03-26'!G9:AO9,"ASA")+COUNTIF('04-26'!G9:AO9,"ASA")+COUNTIF('05-26'!G9:AO9,"ASA")+COUNTIF('06-26'!G9:AO9,"ASA")+COUNTIF('07-26'!G9:AO9,"ASA")+COUNTIF('08-26'!G9:AO9,"ASA")+COUNTIF('09-26'!G9:AO9,"ASA")+COUNTIF('10-26'!G9:AO9,"ASA")+COUNTIF('11-26'!G9:AO9,"ASA")+COUNTIF('12-26'!G9:AO9,"ASA") -> 0 | W9: =COUNTIF('01-26'!G9:AO9,"FORM")+COUNTIF('02-26'!G9:AO9,"FORM")+COUNTIF('03-26'!G9:AO9,"FORM")+COUNTIF('04-26'!G9:AO9,"FORM")+COUNTIF('05-26'!G9:AO9,"FORM")+COUNTIF('06-26'!G9:AO9,"FORM")+COUNTIF('07-26'!G9:AO9,"FORM")+COUNTIF('08-26'!G9:AO9,"FORM")+COUNTIF('09-26'!G9:AO9,"FORM")+COUNTIF('10-26'!G9:AO9,"FORM")+COUNTIF('11-26'!G9:AO9,"FORM")+COUNTIF('12-26'!G9:AO9,"FORM") -> 0 | X9: =COUNTIF('01-26'!G9:AO9,"RPM")+COUNTIF('01-26'!G9:AO9,"JPS")+COUNTIF('02-26'!G9:AO9,"RPM")+COUNTIF('02-26'!G9:AO9,"JPS")+COUNTIF('03-26'!G9:AO9,"RPM")+COUNTIF('03-26'!G9:AO9,"JPS")+COUNTIF('04-26'!G9:AO9,"RPM")+COUNTIF('04-26'!G9:AO9,"JPS")+COUNTIF('05-26'!G9:AO9,"RPM")+COUNTIF('05-26'!G9:AO9,"JPS")+COUNTIF('06-26'!G9:AO9,"RPM")+COUNTIF('06-26'!G9:AO9,"JPS")+COUNTIF('07-26'!G9:AO9,"RPM")+COUNTIF('07-26'!G9:AO9,"JPS")+COUNTIF('08-26'!G9:AO9,"RPM")+COUNTIF('08-26'!G9:AO9,"JPS")+COUNTIF('09-26'!G9:AO9,"RPM")+COUNTIF('09-26'!G9:AO9,"JPS")+COUNTIF('10-26'!G9:AO9,"RPM")+COUNTIF('10-26'!G9:AO9,"JPS")+COUNTIF('11-26'!G9:AO9,"RPM")+COUNTIF('11-26'!G9:AO9,"JPS")+COUNTIF('12-26'!G9:AO9,"RPM")+COUNTIF('12-26'!G9:AO9,"JPS") -> 0 | Y9: =SUM(R9:X9) -> 34 | AB9: BAUDET R. | AC9: LALANNE P. | AD9: 12
B10: CA/RC | C10: =IF($E$4="TOUS",COUNTIF('01-26'!G10:AO10,"CA/RC")+COUNTIF('01-26'!G9:AO9,"CA/RC")+COUNTIF('01-26'!G8:AO8,"CA/RC")+COUNTIF('01-26'!G11:AO11,"CA/RC")+COUNTIF('01-26'!G12:AO12,"CA/RC")+COUNTIF('01-26'!G13:AO13,"CA/RC")+COUNTIF('01-26'!F14:AO14,"CA/RC")+COUNTIF('01-26'!G15:AO15,"CA/RC")+COUNTIF('01-26'!F16:AO16,"CA/RC")+COUNTIF('01-26'!F17:AO17,"CA/RC")+COUNTIF('01-26'!G18:AO18,"CA/RC")+COUNTIF('01-26'!G19:AO19,"CA/RC")+COUNTIF('01-26'!F20:AO20,"CA/RC")+COUNTIF('01-26'!F21:AO21,"CA/RC")+COUNTIF('01-26'!G22:AO22,"CA/RC")+COUNTIF('01-26'!G23:AO23,"CA/RC")+COUNTIF('01-26'!G24:AO24,"CA/RC")+COUNTIF('01-26'!G25:AO25,"CA/RC")+COUNTIF('01-26'!G26:AO26,"CA/RC")+COUNTIF('01-26'!G27:AO27,"CA/RC")+COUNTIF('01-26'!G28:AO28,"CA/RC")+COUNTIF('01-26'!G10:AO10,"CA")+COUNTIF('01-26'!G9:AO9,"CA")+COUNTIF('01-26'!G8:AO8,"CA")+COUNTIF('01-26'!G11:AO11,"CA")+COUNTIF('01-26'!G12:AO12,"CA")+COUNTIF('01-26'!G13:AO13,"CA")+COUNTIF('01-26'!F14:AO14,"CA")+COUNTIF('01-26'!G15:AO15,"CA")+COUNTIF('01-26'!F16:AO16,"CA")+COUNTIF('01-26'!F17:AO17,"CA")+COUNTIF('01-26'!G18:AO18,"CA")+COUNTIF('01-26'!G19:AO19,"CA")+COUNTIF('01-26'!F20:AO20,"CA")+COUNTIF('01-26'!F21:AO21,"CA")+COUNTIF('01-26'!G22:AO22,"CA")+COUNTIF('01-26'!G23:AO23,"CA")+COUNTIF('01-26'!G24:AO24,"CA")+COUNTIF('01-26'!G25:AO25,"CA")+COUNTIF('01-26'!G26:AO26,"CA")+COUNTIF('01-26'!G27:AO27,"CA")+COUNTIF('01-26'!G28:AO28,"CA"),COUNTIF(INDIRECT("'01-26'!G"&VLOOKUP($E$4,$AC$5:$AD$25,2,FALSE())&":AO"&VLOOKUP($E$4,$AC$5:$AD$25,2,FALSE())),"CA/RC")+COUNTIF(INDIRECT("'01-26'!G"&VLOOKUP($E$4,$AC$5:$AD$25,2,FALSE())&":AO"&VLOOKUP($E$4,$AC$5:$AD$25,2,FALSE())),"CA")) -> 18 | D10: =IF($E$4="TOUS",COUNTIF('02-26'!G10:AO10,"CA/RC")+COUNTIF('02-26'!G9:AO9,"CA/RC")+COUNTIF('02-26'!G8:AO8,"CA/RC")+COUNTIF('02-26'!G11:AO11,"CA/RC")+COUNTIF('02-26'!F12:AO12,"CA/RC")+COUNTIF('02-26'!G13:AO13,"CA/RC")+COUNTIF('02-26'!G14:AO14,"CA/RC")+COUNTIF('02-26'!F15:AO15,"CA/RC")+COUNTIF('02-26'!G16:AO16,"CA/RC")+COUNTIF('02-26'!F17:AO17,"CA/RC")+COUNTIF('02-26'!G18:AO18,"CA/RC")+COUNTIF('02-26'!G19:AO19,"CA/RC")+COUNTIF('02-26'!F20:AO20,"CA/RC")+COUNTIF('02-26'!G21:AO21,"CA/RC")+COUNTIF('02-26'!G22:AO22,"CA/RC")+COUNTIF('02-26'!G23:AO23,"CA/RC")+COUNTIF('02-26'!G24:AO24,"CA/RC")+COUNTIF('02-26'!G25:AO25,"CA/RC")+COUNTIF('02-26'!G26:AO26,"CA/RC")+COUNTIF('02-26'!G27:AO27,"CA/RC")+COUNTIF('02-26'!G28:AO28,"CA/RC")+COUNTIF('02-26'!G10:AO10,"CA")+COUNTIF('02-26'!G9:AO9,"CA")+COUNTIF('02-26'!G8:AO8,"CA")+COUNTIF('02-26'!G11:AO11,"CA")+COUNTIF('02-26'!F12:AO12,"CA")+COUNTIF('02-26'!G13:AO13,"CA")+COUNTIF('02-26'!G14:AO14,"CA")+COUNTIF('02-26'!F15:AO15,"CA")+COUNTIF('02-26'!G16:AO16,"CA")+COUNTIF('02-26'!F17:AO17,"CA")+COUNTIF('02-26'!G18:AO18,"CA")+COUNTIF('02-26'!G19:AO19,"CA")+COUNTIF('02-26'!F20:AO20,"CA")+COUNTIF('02-26'!G21:AO21,"CA")+COUNTIF('02-26'!G22:AO22,"CA")+COUNTIF('02-26'!G23:AO23,"CA")+COUNTIF('02-26'!G24:AO24,"CA")+COUNTIF('02-26'!G25:AO25,"CA")+COUNTIF('02-26'!G26:AO26,"CA")+COUNTIF('02-26'!G27:AO27,"CA")+COUNTIF('02-26'!G28:AO28,"CA"),COUNTIF(INDIRECT("'02-26'!G"&VLOOKUP($E$4,$AC$5:$AD$25,2,FALSE())&":AO"&VLOOKUP($E$4,$AC$5:$AD$25,2,FALSE())),"CA/RC")+COUNTIF(INDIRECT("'02-26'!G"&VLOOKUP($E$4,$AC$5:$AD$25,2,FALSE())&":AO"&VLOOKUP($E$4,$AC$5:$AD$25,2,FALSE())),"CA")) -> 26 | E10: =IF($E$4="TOUS",COUNTIF('03-26'!G10:AO10,"CA/RC")+COUNTIF('03-26'!G9:AO9,"CA/RC")+COUNTIF('03-26'!G8:AO8,"CA/RC")+COUNTIF('03-26'!G11:AO11,"CA/RC")+COUNTIF('03-26'!F12:AO12,"CA/RC")+COUNTIF('03-26'!G13:AO13,"CA/RC")+COUNTIF('03-26'!G14:AO14,"CA/RC")+COUNTIF('03-26'!F15:AO15,"CA/RC")+COUNTIF('03-26'!F16:AO16,"CA/RC")+COUNTIF('03-26'!F17:AO17,"CA/RC")+COUNTIF('03-26'!F18:AO18,"CA/RC")+COUNTIF('03-26'!G19:AO19,"CA/RC")+COUNTIF('03-26'!G20:AO20,"CA/RC")+COUNTIF('03-26'!G21:AO21,"CA/RC")+COUNTIF('03-26'!F22:AO22,"CA/RC")+COUNTIF('03-26'!G23:AO23,"CA/RC")+COUNTIF('03-26'!G24:AO24,"CA/RC")+COUNTIF('03-26'!G25:AO25,"CA/RC")+COUNTIF('03-26'!G26:AO26,"CA/RC")+COUNTIF('03-26'!G27:AO27,"CA/RC")+COUNTIF('03-26'!G28:AO28,"CA/RC")+COUNTIF('03-26'!G10:AO10,"CA")+COUNTIF('03-26'!G9:AO9,"CA")+COUNTIF('03-26'!G8:AO8,"CA")+COUNTIF('03-26'!G11:AO11,"CA")+COUNTIF('03-26'!F12:AO12,"CA")+COUNTIF('03-26'!G13:AO13,"CA")+COUNTIF('03-26'!G14:AO14,"CA")+COUNTIF('03-26'!F15:AO15,"CA")+COUNTIF('03-26'!F16:AO16,"CA")+COUNTIF('03-26'!F17:AO17,"CA")+COUNTIF('03-26'!F18:AO18,"CA")+COUNTIF('03-26'!G19:AO19,"CA")+COUNTIF('03-26'!G20:AO20,"CA")+COUNTIF('03-26'!G21:AO21,"CA")+COUNTIF('03-26'!F22:AO22,"CA")+COUNTIF('03-26'!G23:AO23,"CA")+COUNTIF('03-26'!G24:AO24,"CA")+COUNTIF('03-26'!G25:AO25,"CA")+COUNTIF('03-26'!G26:AO26,"CA")+COUNTIF('03-26'!G27:AO27,"CA")+COUNTIF('03-26'!G28:AO28,"CA"),COUNTIF(INDIRECT("'03-26'!G"&VLOOKUP($E$4,$AC$5:$AD$25,2,FALSE())&":AO"&VLOOKUP($E$4,$AC$5:$AD$25,2,FALSE())),"CA/RC")+COUNTIF(INDIRECT("'03-26'!G"&VLOOKUP($E$4,$AC$5:$AD$25,2,FALSE())&":AO"&VLOOKUP($E$4,$AC$5:$AD$25,2,FALSE())),"CA")) -> 33 | F10: =IF($E$4="TOUS",COUNTIF('04-26'!G10:AO10,"CA/RC")+COUNTIF('04-26'!G9:AO9,"CA/RC")+COUNTIF('04-26'!G8:AO8,"CA/RC")+COUNTIF('04-26'!G11:AO11,"CA/RC")+COUNTIF('04-26'!F12:AO12,"CA/RC")+COUNTIF('04-26'!G13:AO13,"CA/RC")+COUNTIF('04-26'!F14:AO14,"CA/RC")+COUNTIF('04-26'!G15:AO15,"CA/RC")+COUNTIF('04-26'!G16:AO16,"CA/RC")+COUNTIF('04-26'!G17:AO17,"CA/RC")+COUNTIF('04-26'!G18:AO18,"CA/RC")+COUNTIF('04-26'!G19:AO19,"CA/RC")+COUNTIF('04-26'!G20:AO20,"CA/RC")+COUNTIF('04-26'!G21:AO21,"CA/RC")+COUNTIF('04-26'!G22:AO22,"CA/RC")+COUNTIF('04-26'!G23:AO23,"CA/RC")+COUNTIF('04-26'!G24:AO24,"CA/RC")+COUNTIF('04-26'!G25:AO25,"CA/RC")+COUNTIF('04-26'!G26:AO26,"CA/RC")+COUNTIF('04-26'!G27:AO27,"CA/RC")+COUNTIF('04-26'!G28:AO28,"CA/RC")+COUNTIF('04-26'!G10:AO10,"CA")+COUNTIF('04-26'!G9:AO9,"CA")+COUNTIF('04-26'!G8:AO8,"CA")+COUNTIF('04-26'!G11:AO11,"CA")+COUNTIF('04-26'!F12:AO12,"CA")+COUNTIF('04-26'!G13:AO13,"CA")+COUNTIF('04-26'!F14:AO14,"CA")+COUNTIF('04-26'!G15:AO15,"CA")+COUNTIF('04-26'!G16:AO16,"CA")+COUNTIF('04-26'!G17:AO17,"CA")+COUNTIF('04-26'!G18:AO18,"CA")+COUNTIF('04-26'!G19:AO19,"CA")+COUNTIF('04-26'!G20:AO20,"CA")+COUNTIF('04-26'!G21:AO21,"CA")+COUNTIF('04-26'!G22:AO22,"CA")+COUNTIF('04-26'!G23:AO23,"CA")+COUNTIF('04-26'!G24:AO24,"CA")+COUNTIF('04-26'!G25:AO25,"CA")+COUNTIF('04-26'!G26:AO26,"CA")+COUNTIF('04-26'!G27:AO27,"CA")+COUNTIF('04-26'!G28:AO28,"CA"),COUNTIF(INDIRECT("'04-26'!G"&VLOOKUP($E$4,$AC$5:$AD$25,2,FALSE())&":AO"&VLOOKUP($E$4,$AC$5:$AD$25,2,FALSE())),"CA/RC")+COUNTIF(INDIRECT("'04-26'!G"&VLOOKUP($E$4,$AC$5:$AD$25,2,FALSE())&":AO"&VLOOKUP($E$4,$AC$5:$AD$25,2,FALSE())),"CA")) -> 66 | G10: =IF($E$4="TOUS",COUNTIF('05-26'!G10:AO10,"CA/RC")+COUNTIF('05-26'!G9:AO9,"CA/RC")+COUNTIF('05-26'!G8:AO8,"CA/RC")+COUNTIF('05-26'!G11:AO11,"CA/RC")+COUNTIF('05-26'!F12:AO12,"CA/RC")+COUNTIF('05-26'!G13:AO13,"CA/RC")+COUNTIF('05-26'!F14:AO14,"CA/RC")+COUNTIF('05-26'!F15:AO15,"CA/RC")+COUNTIF('05-26'!G16:AO16,"CA/RC")+COUNTIF('05-26'!F17:AO17,"CA/RC")+COUNTIF('05-26'!G18:AO18,"CA/RC")+COUNTIF('05-26'!G19:AO19,"CA/RC")+COUNTIF('05-26'!G20:AO20,"CA/RC")+COUNTIF('05-26'!F21:AO21,"CA/RC")+COUNTIF('05-26'!F22:AO22,"CA/RC")+COUNTIF('05-26'!G23:AO23,"CA/RC")+COUNTIF('05-26'!G24:AO24,"CA/RC")+COUNTIF('05-26'!G25:AO25,"CA/RC")+COUNTIF('05-26'!G26:AO26,"CA/RC")+COUNTIF('05-26'!G27:AO27,"CA/RC")+COUNTIF('05-26'!G28:AO28,"CA/RC")+COUNTIF('05-26'!G10:AO10,"CA")+COUNTIF('05-26'!G9:AO9,"CA")+COUNTIF('05-26'!G8:AO8,"CA")+COUNTIF('05-26'!G11:AO11,"CA")+COUNTIF('05-26'!F12:AO12,"CA")+COUNTIF('05-26'!G13:AO13,"CA")+COUNTIF('05-26'!F14:AO14,"CA")+COUNTIF('05-26'!F15:AO15,"CA")+COUNTIF('05-26'!G16:AO16,"CA")+COUNTIF('05-26'!F17:AO17,"CA")+COUNTIF('05-26'!G18:AO18,"CA")+COUNTIF('05-26'!G19:AO19,"CA")+COUNTIF('05-26'!G20:AO20,"CA")+COUNTIF('05-26'!F21:AO21,"CA")+COUNTIF('05-26'!F22:AO22,"CA")+COUNTIF('05-26'!G23:AO23,"CA")+COUNTIF('05-26'!G24:AO24,"CA")+COUNTIF('05-26'!G25:AO25,"CA")+COUNTIF('05-26'!G26:AO26,"CA")+COUNTIF('05-26'!G27:AO27,"CA")+COUNTIF('05-26'!G28:AO28,"CA"),COUNTIF(INDIRECT("'05-26'!G"&VLOOKUP($E$4,$AC$5:$AD$25,2,FALSE())&":AO"&VLOOKUP($E$4,$AC$5:$AD$25,2,FALSE())),"CA/RC")+COUNTIF(INDIRECT("'05-26'!G"&VLOOKUP($E$4,$AC$5:$AD$25,2,FALSE())&":AO"&VLOOKUP($E$4,$AC$5:$AD$25,2,FALSE())),"CA")) -> 31 | H10: =IF($E$4="TOUS",COUNTIF('06-26'!G10:AO10,"CA/RC")+COUNTIF('06-26'!G9:AO9,"CA/RC")+COUNTIF('06-26'!G8:AO8,"CA/RC")+COUNTIF('06-26'!G11:AO11,"CA/RC")+COUNTIF('06-26'!F12:AO12,"CA/RC")+COUNTIF('06-26'!G13:AO13,"CA/RC")+COUNTIF('06-26'!F14:AO14,"CA/RC")+COUNTIF('06-26'!F15:AO15,"CA/RC")+COUNTIF('06-26'!F16:AO16,"CA/RC")+COUNTIF('06-26'!F17:AO17,"CA/RC")+COUNTIF('06-26'!G18:AO18,"CA/RC")+COUNTIF('06-26'!G19:AO19,"CA/RC")+COUNTIF('06-26'!G20:AO20,"CA/RC")+COUNTIF('06-26'!F21:AO21,"CA/RC")+COUNTIF('06-26'!F22:AO22,"CA/RC")+COUNTIF('06-26'!G23:AO23,"CA/RC")+COUNTIF('06-26'!G24:AO24,"CA/RC")+COUNTIF('06-26'!G25:AO25,"CA/RC")+COUNTIF('06-26'!G26:AO26,"CA/RC")+COUNTIF('06-26'!G27:AO27,"CA/RC")+COUNTIF('06-26'!G28:AO28,"CA/RC")+COUNTIF('06-26'!G10:AO10,"CA")+COUNTIF('06-26'!G9:AO9,"CA")+COUNTIF('06-26'!G8:AO8,"CA")+COUNTIF('06-26'!G11:AO11,"CA")+COUNTIF('06-26'!F12:AO12,"CA")+COUNTIF('06-26'!G13:AO13,"CA")+COUNTIF('06-26'!F14:AO14,"CA")+COUNTIF('06-26'!F15:AO15,"CA")+COUNTIF('06-26'!F16:AO16,"CA")+COUNTIF('06-26'!F17:AO17,"CA")+COUNTIF('06-26'!G18:AO18,"CA")+COUNTIF('06-26'!G19:AO19,"CA")+COUNTIF('06-26'!G20:AO20,"CA")+COUNTIF('06-26'!F21:AO21,"CA")+COUNTIF('06-26'!F22:AO22,"CA")+COUNTIF('06-26'!G23:AO23,"CA")+COUNTIF('06-26'!G24:AO24,"CA")+COUNTIF('06-26'!G25:AO25,"CA")+COUNTIF('06-26'!G26:AO26,"CA")+COUNTIF('06-26'!G27:AO27,"CA")+COUNTIF('06-26'!G28:AO28,"CA"),COUNTIF(INDIRECT("'06-26'!G"&VLOOKUP($E$4,$AC$5:$AD$25,2,FALSE())&":AO"&VLOOKUP($E$4,$AC$5:$AD$25,2,FALSE())),"CA/RC")+COUNTIF(INDIRECT("'06-26'!G"&VLOOKUP($E$4,$AC$5:$AD$25,2,FALSE())&":AO"&VLOOKUP($E$4,$AC$5:$AD$25,2,FALSE())),"CA")) -> 31 | I10: =IF($E$4="TOUS",COUNTIF('07-26'!G10:AO10,"CA/RC")+COUNTIF('07-26'!G9:AO9,"CA/RC")+COUNTIF('07-26'!G8:AO8,"CA/RC")+COUNTIF('07-26'!F11:AO11,"CA/RC")+COUNTIF('07-26'!G12:AO12,"CA/RC")+COUNTIF('07-26'!G13:AO13,"CA/RC")+COUNTIF('07-26'!F14:AO14,"CA/RC")+COUNTIF('07-26'!F15:AO15,"CA/RC")+COUNTIF('07-26'!G16:AO16,"CA/RC")+COUNTIF('07-26'!G17:AO17,"CA/RC")+COUNTIF('07-26'!G18:AO18,"CA/RC")+COUNTIF('07-26'!G19:AO19,"CA/RC")+COUNTIF('07-26'!F20:AO20,"CA/RC")+COUNTIF('07-26'!F21:AO21,"CA/RC")+COUNTIF('07-26'!F22:AO22,"CA/RC")+COUNTIF('07-26'!G23:AO23,"CA/RC")+COUNTIF('07-26'!G24:AO24,"CA/RC")+COUNTIF('07-26'!G25:AO25,"CA/RC")+COUNTIF('07-26'!G26:AO26,"CA/RC")+COUNTIF('07-26'!G27:AO27,"CA/RC")+COUNTIF('07-26'!G28:AO28,"CA/RC")+COUNTIF('07-26'!G10:AO10,"CA")+COUNTIF('07-26'!G9:AO9,"CA")+COUNTIF('07-26'!G8:AO8,"CA")+COUNTIF('07-26'!F11:AO11,"CA")+COUNTIF('07-26'!G12:AO12,"CA")+COUNTIF('07-26'!G13:AO13,"CA")+COUNTIF('07-26'!F14:AO14,"CA")+COUNTIF('07-26'!F15:AO15,"CA")+COUNTIF('07-26'!G16:AO16,"CA")+COUNTIF('07-26'!G17:AO17,"CA")+COUNTIF('07-26'!G18:AO18,"CA")+COUNTIF('07-26'!G19:AO19,"CA")+COUNTIF('07-26'!F20:AO20,"CA")+COUNTIF('07-26'!F21:AO21,"CA")+COUNTIF('07-26'!F22:AO22,"CA")+COUNTIF('07-26'!G23:AO23,"CA")+COUNTIF('07-26'!G24:AO24,"CA")+COUNTIF('07-26'!G25:AO25,"CA")+COUNTIF('07-26'!G26:AO26,"CA")+COUNTIF('07-26'!G27:AO27,"CA")+COUNTIF('07-26'!G28:AO28,"CA"),COUNTIF(INDIRECT("'07-26'!G"&VLOOKUP($E$4,$AC$5:$AD$25,2,FALSE())&":AO"&VLOOKUP($E$4,$AC$5:$AD$25,2,FALSE())),"CA/RC")+COUNTIF(INDIRECT("'07-26'!G"&VLOOKUP($E$4,$AC$5:$AD$25,2,FALSE())&":AO"&VLOOKUP($E$4,$AC$5:$AD$25,2,FALSE())),"CA")) -> 85 | J10: =IF($E$4="TOUS",COUNTIF('08-26'!G10:AO10,"CA/RC")+COUNTIF('08-26'!G9:AO9,"CA/RC")+COUNTIF('08-26'!G8:AO8,"CA/RC")+COUNTIF('08-26'!F11:AO11,"CA/RC")+COUNTIF('08-26'!F12:AO12,"CA/RC")+COUNTIF('08-26'!F13:AO13,"CA/RC")+COUNTIF('08-26'!F14:AO14,"CA/RC")+COUNTIF('08-26'!F15:AO15,"CA/RC")+COUNTIF('08-26'!G16:AO16,"CA/RC")+COUNTIF('08-26'!F17:AO17,"CA/RC")+COUNTIF('08-26'!G18:AO18,"CA/RC")+COUNTIF('08-26'!F19:AO19,"CA/RC")+COUNTIF('08-26'!F20:AO20,"CA/RC")+COUNTIF('08-26'!G21:AO21,"CA/RC")+COUNTIF('08-26'!F22:AO22,"CA/RC")+COUNTIF('08-26'!G23:AO23,"CA/RC")+COUNTIF('08-26'!G24:AO24,"CA/RC")+COUNTIF('08-26'!G25:AO25,"CA/RC")+COUNTIF('08-26'!G26:AO26,"CA/RC")+COUNTIF('08-26'!G27:AO27,"CA/RC")+COUNTIF('08-26'!G28:AO28,"CA/RC")+COUNTIF('08-26'!G10:AO10,"CA")+COUNTIF('08-26'!G9:AO9,"CA")+COUNTIF('08-26'!G8:AO8,"CA")+COUNTIF('08-26'!F11:AO11,"CA")+COUNTIF('08-26'!F12:AO12,"CA")+COUNTIF('08-26'!F13:AO13,"CA")+COUNTIF('08-26'!F14:AO14,"CA")+COUNTIF('08-26'!F15:AO15,"CA")+COUNTIF('08-26'!G16:AO16,"CA")+COUNTIF('08-26'!F17:AO17,"CA")+COUNTIF('08-26'!G18:AO18,"CA")+COUNTIF('08-26'!F19:AO19,"CA")+COUNTIF('08-26'!F20:AO20,"CA")+COUNTIF('08-26'!G21:AO21,"CA")+COUNTIF('08-26'!F22:AO22,"CA")+COUNTIF('08-26'!G23:AO23,"CA")+COUNTIF('08-26'!G24:AO24,"CA")+COUNTIF('08-26'!G25:AO25,"CA")+COUNTIF('08-26'!G26:AO26,"CA")+COUNTIF('08-26'!G27:AO27,"CA")+COUNTIF('08-26'!G28:AO28,"CA"),COUNTIF(INDIRECT("'08-26'!G"&VLOOKUP($E$4,$AC$5:$AD$25,2,FALSE())&":AO"&VLOOKUP($E$4,$AC$5:$AD$25,2,FALSE())),"CA/RC")+COUNTIF(INDIRECT("'08-26'!G"&VLOOKUP($E$4,$AC$5:$AD$25,2,FALSE())&":AO"&VLOOKUP($E$4,$AC$5:$AD$25,2,FALSE())),"CA")) -> 65 | K10: =IF($E$4="TOUS",COUNTIF('09-26'!G10:AO10,"CA/RC")+COUNTIF('09-26'!G9:AO9,"CA/RC")+COUNTIF('09-26'!G8:AO8,"CA/RC")+COUNTIF('09-26'!F11:AO11,"CA/RC")+COUNTIF('09-26'!F12:AO12,"CA/RC")+COUNTIF('09-26'!G13:AO13,"CA/RC")+COUNTIF('09-26'!G14:AO14,"CA/RC")+COUNTIF('09-26'!F15:AO15,"CA/RC")+COUNTIF('09-26'!F16:AO16,"CA/RC")+COUNTIF('09-26'!F17:AO17,"CA/RC")+COUNTIF('09-26'!F18:AO18,"CA/RC")+COUNTIF('09-26'!G19:AO19,"CA/RC")+COUNTIF('09-26'!G20:AO20,"CA/RC")+COUNTIF('09-26'!F21:AO21,"CA/RC")+COUNTIF('09-26'!G22:AO22,"CA/RC")+COUNTIF('09-26'!G23:AO23,"CA/RC")+COUNTIF('09-26'!G24:AO24,"CA/RC")+COUNTIF('09-26'!G25:AO25,"CA/RC")+COUNTIF('09-26'!G26:AO26,"CA/RC")+COUNTIF('09-26'!G27:AO27,"CA/RC")+COUNTIF('09-26'!G28:AO28,"CA/RC")+COUNTIF('09-26'!G10:AO10,"CA")+COUNTIF('09-26'!G9:AO9,"CA")+COUNTIF('09-26'!G8:AO8,"CA")+COUNTIF('09-26'!F11:AO11,"CA")+COUNTIF('09-26'!F12:AO12,"CA")+COUNTIF('09-26'!G13:AO13,"CA")+COUNTIF('09-26'!G14:AO14,"CA")+COUNTIF('09-26'!F15:AO15,"CA")+COUNTIF('09-26'!F16:AO16,"CA")+COUNTIF('09-26'!F17:AO17,"CA")+COUNTIF('09-26'!F18:AO18,"CA")+COUNTIF('09-26'!G19:AO19,"CA")+COUNTIF('09-26'!G20:AO20,"CA")+COUNTIF('09-26'!F21:AO21,"CA")+COUNTIF('09-26'!G22:AO22,"CA")+COUNTIF('09-26'!G23:AO23,"CA")+COUNTIF('09-26'!G24:AO24,"CA")+COUNTIF('09-26'!G25:AO25,"CA")+COUNTIF('09-26'!G26:AO26,"CA")+COUNTIF('09-26'!G27:AO27,"CA")+COUNTIF('09-26'!G28:AO28,"CA"),COUNTIF(INDIRECT("'09-26'!G"&VLOOKUP($E$4,$AC$5:$AD$25,2,FALSE())&":AO"&VLOOKUP($E$4,$AC$5:$AD$25,2,FALSE())),"CA/RC")+COUNTIF(INDIRECT("'09-26'!G"&VLOOKUP($E$4,$AC$5:$AD$25,2,FALSE())&":AO"&VLOOKUP($E$4,$AC$5:$AD$25,2,FALSE())),"CA")) -> 70 | L10: =IF($E$4="TOUS",COUNTIF('10-26'!G10:AO10,"CA/RC")+COUNTIF('10-26'!G9:AO9,"CA/RC")+COUNTIF('10-26'!G8:AO8,"CA/RC")+COUNTIF('10-26'!F11:AO11,"CA/RC")+COUNTIF('10-26'!F12:AO12,"CA/RC")+COUNTIF('10-26'!G13:AO13,"CA/RC")+COUNTIF('10-26'!F14:AO14,"CA/RC")+COUNTIF('10-26'!F15:AO15,"CA/RC")+COUNTIF('10-26'!F16:AO16,"CA/RC")+COUNTIF('10-26'!F17:AO17,"CA/RC")+COUNTIF('10-26'!G18:AO18,"CA/RC")+COUNTIF('10-26'!G19:AO19,"CA/RC")+COUNTIF('10-26'!F20:AO20,"CA/RC")+COUNTIF('10-26'!G21:AO21,"CA/RC")+COUNTIF('10-26'!G22:AO22,"CA/RC")+COUNTIF('10-26'!F23:AO23,"CA/RC")+COUNTIF('10-26'!G24:AO24,"CA/RC")+COUNTIF('10-26'!G25:AO25,"CA/RC")+COUNTIF('10-26'!G26:AO26,"CA/RC")+COUNTIF('10-26'!G27:AO27,"CA/RC")+COUNTIF('10-26'!G28:AO28,"CA/RC")+COUNTIF('10-26'!G10:AO10,"CA")+COUNTIF('10-26'!G9:AO9,"CA")+COUNTIF('10-26'!G8:AO8,"CA")+COUNTIF('10-26'!F11:AO11,"CA")+COUNTIF('10-26'!F12:AO12,"CA")+COUNTIF('10-26'!G13:AO13,"CA")+COUNTIF('10-26'!F14:AO14,"CA")+COUNTIF('10-26'!F15:AO15,"CA")+COUNTIF('10-26'!F16:AO16,"CA")+COUNTIF('10-26'!F17:AO17,"CA")+COUNTIF('10-26'!G18:AO18,"CA")+COUNTIF('10-26'!G19:AO19,"CA")+COUNTIF('10-26'!F20:AO20,"CA")+COUNTIF('10-26'!G21:AO21,"CA")+COUNTIF('10-26'!G22:AO22,"CA")+COUNTIF('10-26'!F23:AO23,"CA")+COUNTIF('10-26'!G24:AO24,"CA")+COUNTIF('10-26'!G25:AO25,"CA")+COUNTIF('10-26'!G26:AO26,"CA")+COUNTIF('10-26'!G27:AO27,"CA")+COUNTIF('10-26'!G28:AO28,"CA"),COUNTIF(INDIRECT("'10-26'!G"&VLOOKUP($E$4,$AC$5:$AD$25,2,FALSE())&":AO"&VLOOKUP($E$4,$AC$5:$AD$25,2,FALSE())),"CA/RC")+COUNTIF(INDIRECT("'10-26'!G"&VLOOKUP($E$4,$AC$5:$AD$25,2,FALSE())&":AO"&VLOOKUP($E$4,$AC$5:$AD$25,2,FALSE())),"CA")) -> 26 | M10: =IF($E$4="TOUS",COUNTIF('11-26'!G10:AO10,"CA/RC")+COUNTIF('11-26'!G9:AO9,"CA/RC")+COUNTIF('11-26'!G8:AO8,"CA/RC")+COUNTIF('11-26'!G11:AO11,"CA/RC")+COUNTIF('11-26'!F12:AO12,"CA/RC")+COUNTIF('11-26'!G13:AO13,"CA/RC")+COUNTIF('11-26'!F14:AO14,"CA/RC")+COUNTIF('11-26'!F15:AO15,"CA/RC")+COUNTIF('11-26'!G16:AO16,"CA/RC")+COUNTIF('11-26'!G17:AO17,"CA/RC")+COUNTIF('11-26'!G18:AO18,"CA/RC")+COUNTIF('11-26'!G19:AO19,"CA/RC")+COUNTIF('11-26'!F20:AO20,"CA/RC")+COUNTIF('11-26'!F21:AO21,"CA/RC")+COUNTIF('11-26'!F22:AO22,"CA/RC")+COUNTIF('11-26'!G23:AO23,"CA/RC")+COUNTIF('11-26'!G24:AO24,"CA/RC")+COUNTIF('11-26'!G25:AO25,"CA/RC")+COUNTIF('11-26'!G26:AO26,"CA/RC")+COUNTIF('11-26'!G27:AO27,"CA/RC")+COUNTIF('11-26'!G28:AO28,"CA/RC")+COUNTIF('11-26'!G10:AO10,"CA")+COUNTIF('11-26'!G9:AO9,"CA")+COUNTIF('11-26'!G8:AO8,"CA")+COUNTIF('11-26'!G11:AO11,"CA")+COUNTIF('11-26'!F12:AO12,"CA")+COUNTIF('11-26'!G13:AO13,"CA")+COUNTIF('11-26'!F14:AO14,"CA")+COUNTIF('11-26'!F15:AO15,"CA")+COUNTIF('11-26'!G16:AO16,"CA")+COUNTIF('11-26'!G17:AO17,"CA")+COUNTIF('11-26'!G18:AO18,"CA")+COUNTIF('11-26'!G19:AO19,"CA")+COUNTIF('11-26'!F20:AO20,"CA")+COUNTIF('11-26'!F21:AO21,"CA")+COUNTIF('11-26'!F22:AO22,"CA")+COUNTIF('11-26'!G23:AO23,"CA")+COUNTIF('11-26'!G24:AO24,"CA")+COUNTIF('11-26'!G25:AO25,"CA")+COUNTIF('11-26'!G26:AO26,"CA")+COUNTIF('11-26'!G27:AO27,"CA")+COUNTIF('11-26'!G28:AO28,"CA"),COUNTIF(INDIRECT("'11-26'!G"&VLOOKUP($E$4,$AC$5:$AD$25,2,FALSE())&":AO"&VLOOKUP($E$4,$AC$5:$AD$25,2,FALSE())),"CA/RC")+COUNTIF(INDIRECT("'11-26'!G"&VLOOKUP($E$4,$AC$5:$AD$25,2,FALSE())&":AO"&VLOOKUP($E$4,$AC$5:$AD$25,2,FALSE())),"CA")) -> 23 | N10: =IF($E$4="TOUS",COUNTIF('12-26'!G10:AO10,"CA/RC")+COUNTIF('12-26'!G9:AO9,"CA/RC")+COUNTIF('12-26'!G8:AO8,"CA/RC")+COUNTIF('12-26'!G11:AO11,"CA/RC")+COUNTIF('12-26'!G12:AO12,"CA/RC")+COUNTIF('12-26'!G13:AO13,"CA/RC")+COUNTIF('12-26'!G14:AO14,"CA/RC")+COUNTIF('12-26'!F15:AO15,"CA/RC")+COUNTIF('12-26'!G16:AO16,"CA/RC")+COUNTIF('12-26'!F17:AO17,"CA/RC")+COUNTIF('12-26'!G18:AO18,"CA/RC")+COUNTIF('12-26'!G19:AO19,"CA/RC")+COUNTIF('12-26'!F20:AO20,"CA/RC")+COUNTIF('12-26'!F21:AO21,"CA/RC")+COUNTIF('12-26'!F22:AO22,"CA/RC")+COUNTIF('12-26'!G23:AO23,"CA/RC")+COUNTIF('12-26'!G24:AO24,"CA/RC")+COUNTIF('12-26'!G25:AO25,"CA/RC")+COUNTIF('12-26'!G26:AO26,"CA/RC")+COUNTIF('12-26'!G27:AO27,"CA/RC")+COUNTIF('12-26'!G28:AO28,"CA/RC")+COUNTIF('12-26'!G10:AO10,"CA")+COUNTIF('12-26'!G9:AO9,"CA")+COUNTIF('12-26'!G8:AO8,"CA")+COUNTIF('12-26'!G11:AO11,"CA")+COUNTIF('12-26'!G12:AO12,"CA")+COUNTIF('12-26'!G13:AO13,"CA")+COUNTIF('12-26'!G14:AO14,"CA")+COUNTIF('12-26'!F15:AO15,"CA")+COUNTIF('12-26'!G16:AO16,"CA")+COUNTIF('12-26'!F17:AO17,"CA")+COUNTIF('12-26'!G18:AO18,"CA")+COUNTIF('12-26'!G19:AO19,"CA")+COUNTIF('12-26'!F20:AO20,"CA")+COUNTIF('12-26'!F21:AO21,"CA")+COUNTIF('12-26'!F22:AO22,"CA")+COUNTIF('12-26'!G23:AO23,"CA")+COUNTIF('12-26'!G24:AO24,"CA")+COUNTIF('12-26'!G25:AO25,"CA")+COUNTIF('12-26'!G26:AO26,"CA")+COUNTIF('12-26'!G27:AO27,"CA")+COUNTIF('12-26'!G28:AO28,"CA"),COUNTIF(INDIRECT("'12-26'!G"&VLOOKUP($E$4,$AC$5:$AD$25,2,FALSE())&":AO"&VLOOKUP($E$4,$AC$5:$AD$25,2,FALSE())),"CA/RC")+COUNTIF(INDIRECT("'12-26'!G"&VLOOKUP($E$4,$AC$5:$AD$25,2,FALSE())&":AO"&VLOOKUP($E$4,$AC$5:$AD$25,2,FALSE())),"CA")) -> 42 | O10: =SUM(C10:N10) -> 516 | Q10: LENEVEU N. | R10: =COUNTIF('01-26'!G8:AO8,"TP")+COUNTIF('02-26'!G8:AO8,"TP")+COUNTIF('03-26'!G8:AO8,"TP")+COUNTIF('04-26'!G8:AO8,"TP")+COUNTIF('05-26'!G8:AO8,"TP")+COUNTIF('06-26'!G8:AO8,"TP")+COUNTIF('07-26'!G8:AO8,"TP")+COUNTIF('08-26'!G8:AO8,"TP")+COUNTIF('09-26'!G8:AO8,"TP")+COUNTIF('10-26'!G8:AO8,"TP")+COUNTIF('11-26'!G8:AO8,"TP")+COUNTIF('12-26'!G8:AO8,"TP") -> 0 | S10: =COUNTIF('01-26'!G8:AO8,"CSE")+COUNTIF('01-26'!G8:AO8,"CSE/RPX")+COUNTIF('01-26'!G8:AO8,"RPX")+COUNTIF('02-26'!G8:AO8,"CSE")+COUNTIF('02-26'!G8:AO8,"CSE/RPX")+COUNTIF('02-26'!G8:AO8,"RPX")+COUNTIF('03-26'!G8:AO8,"CSE")+COUNTIF('03-26'!G8:AO8,"CSE/RPX")+COUNTIF('03-26'!G8:AO8,"RPX")+COUNTIF('04-26'!G8:AO8,"CSE")+COUNTIF('04-26'!G8:AO8,"CSE/RPX")+COUNTIF('04-26'!G8:AO8,"RPX")+COUNTIF('05-26'!G8:AO8,"CSE")+COUNTIF('05-26'!G8:AO8,"CSE/RPX")+COUNTIF('05-26'!G8:AO8,"RPX")+COUNTIF('06-26'!G8:AO8,"CSE")+COUNTIF('06-26'!G8:AO8,"CSE/RPX")+COUNTIF('06-26'!G8:AO8,"RPX")+COUNTIF('07-26'!G8:AO8,"CSE")+COUNTIF('07-26'!G8:AO8,"CSE/RPX")+COUNTIF('07-26'!G8:AO8,"RPX")+COUNTIF('08-26'!G8:AO8,"CSE")+COUNTIF('08-26'!G8:AO8,"CSE/RPX")+COUNTIF('08-26'!G8:AO8,"RPX")+COUNTIF('09-26'!G8:AO8,"CSE")+COUNTIF('09-26'!G8:AO8,"CSE/RPX")+COUNTIF('09-26'!G8:AO8,"RPX")+COUNTIF('10-26'!G8:AO8,"CSE")+COUNTIF('10-26'!G8:AO8,"CSE/RPX")+COUNTIF('10-26'!G8:AO8,"RPX")+COUNTIF('11-26'!G8:AO8,"CSE")+COUNTIF('11-26'!G8:AO8,"CSE/RPX")+COUNTIF('11-26'!G8:AO8,"RPX")+COUNTIF('12-26'!G8:AO8,"CSE")+COUNTIF('12-26'!G8:AO8,"CSE/RPX")+COUNTIF('12-26'!G8:AO8,"RPX") -> 0 | T10: =COUNTIF('01-26'!G8:AO8,"CA/RC")+COUNTIF('01-26'!G8:AO8,"CA")+COUNTIF('02-26'!G8:AO8,"CA/RC")+COUNTIF('02-26'!G8:AO8,"CA")+COUNTIF('03-26'!G8:AO8,"CA/RC")+COUNTIF('03-26'!G8:AO8,"CA")+COUNTIF('04-26'!G8:AO8,"CA/RC")+COUNTIF('04-26'!G8:AO8,"CA")+COUNTIF('05-26'!G8:AO8,"CA/RC")+COUNTIF('05-26'!G8:AO8,"CA")+COUNTIF('06-26'!G8:AO8,"CA/RC")+COUNTIF('06-26'!G8:AO8,"CA")+COUNTIF('07-26'!G8:AO8,"CA/RC")+COUNTIF('07-26'!G8:AO8,"CA")+COUNTIF('08-26'!G8:AO8,"CA/RC")+COUNTIF('08-26'!G8:AO8,"CA")+COUNTIF('09-26'!G8:AO8,"CA/RC")+COUNTIF('09-26'!G8:AO8,"CA")+COUNTIF('10-26'!G8:AO8,"CA/RC")+COUNTIF('10-26'!G8:AO8,"CA")+COUNTIF('11-26'!G8:AO8,"CA/RC")+COUNTIF('11-26'!G8:AO8,"CA")+COUNTIF('12-26'!G8:AO8,"CA/RC")+COUNTIF('12-26'!G8:AO8,"CA") -> 32 | U10: =COUNTIF('01-26'!G8:AO8,"ATM/ATA")+COUNTIF('01-26'!G8:AO8,"ATM")+COUNTIF('01-26'!G8:AO8,"ATA")+COUNTIF('02-26'!G8:AO8,"ATM/ATA")+COUNTIF('02-26'!G8:AO8,"ATM")+COUNTIF('02-26'!G8:AO8,"ATA")+COUNTIF('03-26'!G8:AO8,"ATM/ATA")+COUNTIF('03-26'!G8:AO8,"ATM")+COUNTIF('03-26'!G8:AO8,"ATA")+COUNTIF('04-26'!G8:AO8,"ATM/ATA")+COUNTIF('04-26'!G8:AO8,"ATM")+COUNTIF('04-26'!G8:AO8,"ATA")+COUNTIF('05-26'!G8:AO8,"ATM/ATA")+COUNTIF('05-26'!G8:AO8,"ATM")+COUNTIF('05-26'!G8:AO8,"ATA")+COUNTIF('06-26'!G8:AO8,"ATM/ATA")+COUNTIF('06-26'!G8:AO8,"ATM")+COUNTIF('06-26'!G8:AO8,"ATA")+COUNTIF('07-26'!G8:AO8,"ATM/ATA")+COUNTIF('07-26'!G8:AO8,"ATM")+COUNTIF('07-26'!G8:AO8,"ATA")+COUNTIF('08-26'!G8:AO8,"ATM/ATA")+COUNTIF('08-26'!G8:AO8,"ATM")+COUNTIF('08-26'!G8:AO8,"ATA")+COUNTIF('09-26'!G8:AO8,"ATM/ATA")+COUNTIF('09-26'!G8:AO8,"ATM")+COUNTIF('09-26'!G8:AO8,"ATA")+COUNTIF('10-26'!G8:AO8,"ATM/ATA")+COUNTIF('10-26'!G8:AO8,"ATM")+COUNTIF('10-26'!G8:AO8,"ATA")+COUNTIF('11-26'!G8:AO8,"ATM/ATA")+COUNTIF('11-26'!G8:AO8,"ATM")+COUNTIF('11-26'!G8:AO8,"ATA")+COUNTIF('12-26'!G8:AO8,"ATM/ATA")+COUNTIF('12-26'!G8:AO8,"ATM")+COUNTIF('12-26'!G8:AO8,"ATA") -> 0 | V10: =COUNTIF('01-26'!G8:AO8,"ASA")+COUNTIF('02-26'!G8:AO8,"ASA")+COUNTIF('03-26'!G8:AO8,"ASA")+COUNTIF('04-26'!G8:AO8,"ASA")+COUNTIF('05-26'!G8:AO8,"ASA")+COUNTIF('06-26'!G8:AO8,"ASA")+COUNTIF('07-26'!G8:AO8,"ASA")+COUNTIF('08-26'!G8:AO8,"ASA")+COUNTIF('09-26'!G8:AO8,"ASA")+COUNTIF('10-26'!G8:AO8,"ASA")+COUNTIF('11-26'!G8:AO8,"ASA")+COUNTIF('12-26'!G8:AO8,"ASA") -> 0 | W10: =COUNTIF('01-26'!G8:AO8,"FORM")+COUNTIF('02-26'!G8:AO8,"FORM")+COUNTIF('03-26'!G8:AO8,"FORM")+COUNTIF('04-26'!G8:AO8,"FORM")+COUNTIF('05-26'!G8:AO8,"FORM")+COUNTIF('06-26'!G8:AO8,"FORM")+COUNTIF('07-26'!G8:AO8,"FORM")+COUNTIF('08-26'!G8:AO8,"FORM")+COUNTIF('09-26'!G8:AO8,"FORM")+COUNTIF('10-26'!G8:AO8,"FORM")+COUNTIF('11-26'!G8:AO8,"FORM")+COUNTIF('12-26'!G8:AO8,"FORM") -> 0 | X10: =COUNTIF('01-26'!G8:AO8,"RPM")+COUNTIF('01-26'!G8:AO8,"JPS")+COUNTIF('02-26'!G8:AO8,"RPM")+COUNTIF('02-26'!G8:AO8,"JPS")+COUNTIF('03-26'!G8:AO8,"RPM")+COUNTIF('03-26'!G8:AO8,"JPS")+COUNTIF('04-26'!G8:AO8,"RPM")+COUNTIF('04-26'!G8:AO8,"JPS")+COUNTIF('05-26'!G8:AO8,"RPM")+COUNTIF('05-26'!G8:AO8,"JPS")+COUNTIF('06-26'!G8:AO8,"RPM")+COUNTIF('06-26'!G8:AO8,"JPS")+COUNTIF('07-26'!G8:AO8,"RPM")+COUNTIF('07-26'!G8:AO8,"JPS")+COUNTIF('08-26'!G8:AO8,"RPM")+COUNTIF('08-26'!G8:AO8,"JPS")+COUNTIF('09-26'!G8:AO8,"RPM")+COUNTIF('09-26'!G8:AO8,"JPS")+COUNTIF('10-26'!G8:AO8,"RPM")+COUNTIF('10-26'!G8:AO8,"JPS")+COUNTIF('11-26'!G8:AO8,"RPM")+COUNTIF('11-26'!G8:AO8,"JPS")+COUNTIF('12-26'!G8:AO8,"RPM")+COUNTIF('12-26'!G8:AO8,"JPS") -> 10 | Y10: =SUM(R10:X10) -> 42 | AB10: LALANNE P. | AC10: AUGE N. | AD10: 13
B11: ATM/ATA | C11: =IF($E$4="TOUS",COUNTIF('01-26'!G10:AO10,"ATM/ATA")+COUNTIF('01-26'!G9:AO9,"ATM/ATA")+COUNTIF('01-26'!G8:AO8,"ATM/ATA")+COUNTIF('01-26'!G11:AO11,"ATM/ATA")+COUNTIF('01-26'!G12:AO12,"ATM/ATA")+COUNTIF('01-26'!G13:AO13,"ATM/ATA")+COUNTIF('01-26'!F14:AO14,"ATM/ATA")+COUNTIF('01-26'!G15:AO15,"ATM/ATA")+COUNTIF('01-26'!F16:AO16,"ATM/ATA")+COUNTIF('01-26'!F17:AO17,"ATM/ATA")+COUNTIF('01-26'!G18:AO18,"ATM/ATA")+COUNTIF('01-26'!G19:AO19,"ATM/ATA")+COUNTIF('01-26'!F20:AO20,"ATM/ATA")+COUNTIF('01-26'!F21:AO21,"ATM/ATA")+COUNTIF('01-26'!G22:AO22,"ATM/ATA")+COUNTIF('01-26'!G23:AO23,"ATM/ATA")+COUNTIF('01-26'!G24:AO24,"ATM/ATA")+COUNTIF('01-26'!G25:AO25,"ATM/ATA")+COUNTIF('01-26'!G26:AO26,"ATM/ATA")+COUNTIF('01-26'!G27:AO27,"ATM/ATA")+COUNTIF('01-26'!G28:AO28,"ATM/ATA")+COUNTIF('01-26'!G10:AO10,"ATM")+COUNTIF('01-26'!G9:AO9,"ATM")+COUNTIF('01-26'!G8:AO8,"ATM")+COUNTIF('01-26'!G11:AO11,"ATM")+COUNTIF('01-26'!G12:AO12,"ATM")+COUNTIF('01-26'!G13:AO13,"ATM")+COUNTIF('01-26'!F14:AO14,"ATM")+COUNTIF('01-26'!G15:AO15,"ATM")+COUNTIF('01-26'!F16:AO16,"ATM")+COUNTIF('01-26'!F17:AO17,"ATM")+COUNTIF('01-26'!G18:AO18,"ATM")+COUNTIF('01-26'!G19:AO19,"ATM")+COUNTIF('01-26'!F20:AO20,"ATM")+COUNTIF('01-26'!F21:AO21,"ATM")+COUNTIF('01-26'!G22:AO22,"ATM")+COUNTIF('01-26'!G23:AO23,"ATM")+COUNTIF('01-26'!G24:AO24,"ATM")+COUNTIF('01-26'!G25:AO25,"ATM")+COUNTIF('01-26'!G26:AO26,"ATM")+COUNTIF('01-26'!G27:AO27,"ATM")+COUNTIF('01-26'!G28:AO28,"ATM")+COUNTIF('01-26'!G10:AO10,"ATA")+COUNTIF('01-26'!G9:AO9,"ATA")+COUNTIF('01-26'!G8:AO8,"ATA")+COUNTIF('01-26'!G11:AO11,"ATA")+COUNTIF('01-26'!G12:AO12,"ATA")+COUNTIF('01-26'!G13:AO13,"ATA")+COUNTIF('01-26'!F14:AO14,"ATA")+COUNTIF('01-26'!G15:AO15,"ATA")+COUNTIF('01-26'!F16:AO16,"ATA")+COUNTIF('01-26'!F17:AO17,"ATA")+COUNTIF('01-26'!G18:AO18,"ATA")+COUNTIF('01-26'!G19:AO19,"ATA")+COUNTIF('01-26'!F20:AO20,"ATA")+COUNTIF('01-26'!F21:AO21,"ATA")+COUNTIF('01-26'!G22:AO22,"ATA")+COUNTIF('01-26'!G23:AO23,"ATA")+COUNTIF('01-26'!G24:AO24,"ATA")+COUNTIF('01-26'!G25:AO25,"ATA")+COUNTIF('01-26'!G26:AO26,"ATA")+COUNTIF('01-26'!G27:AO27,"ATA")+COUNTIF('01-26'!G28:AO28,"ATA"),COUNTIF(INDIRECT("'01-26'!G"&VLOOKUP($E$4,$AC$5:$AD$25,2,FALSE())&":AO"&VLOOKUP($E$4,$AC$5:$AD$25,2,FALSE())),"ATM/ATA")+COUNTIF(INDIRECT("'01-26'!G"&VLOOKUP($E$4,$AC$5:$AD$25,2,FALSE())&":AO"&VLOOKUP($E$4,$AC$5:$AD$25,2,FALSE())),"ATM")+COUNTIF(INDIRECT("'01-26'!G"&VLOOKUP($E$4,$AC$5:$AD$25,2,FALSE())&":AO"&VLOOKUP($E$4,$AC$5:$AD$25,2,FALSE())),"ATA")) -> 15 | D11: =IF($E$4="TOUS",COUNTIF('02-26'!G10:AO10,"ATM/ATA")+COUNTIF('02-26'!G9:AO9,"ATM/ATA")+COUNTIF('02-26'!G8:AO8,"ATM/ATA")+COUNTIF('02-26'!G11:AO11,"ATM/ATA")+COUNTIF('02-26'!F12:AO12,"ATM/ATA")+COUNTIF('02-26'!G13:AO13,"ATM/ATA")+COUNTIF('02-26'!G14:AO14,"ATM/ATA")+COUNTIF('02-26'!F15:AO15,"ATM/ATA")+COUNTIF('02-26'!G16:AO16,"ATM/ATA")+COUNTIF('02-26'!F17:AO17,"ATM/ATA")+COUNTIF('02-26'!G18:AO18,"ATM/ATA")+COUNTIF('02-26'!G19:AO19,"ATM/ATA")+COUNTIF('02-26'!F20:AO20,"ATM/ATA")+COUNTIF('02-26'!G21:AO21,"ATM/ATA")+COUNTIF('02-26'!G22:AO22,"ATM/ATA")+COUNTIF('02-26'!G23:AO23,"ATM/ATA")+COUNTIF('02-26'!G24:AO24,"ATM/ATA")+COUNTIF('02-26'!G25:AO25,"ATM/ATA")+COUNTIF('02-26'!G26:AO26,"ATM/ATA")+COUNTIF('02-26'!G27:AO27,"ATM/ATA")+COUNTIF('02-26'!G28:AO28,"ATM/ATA")+COUNTIF('02-26'!G10:AO10,"ATM")+COUNTIF('02-26'!G9:AO9,"ATM")+COUNTIF('02-26'!G8:AO8,"ATM")+COUNTIF('02-26'!G11:AO11,"ATM")+COUNTIF('02-26'!F12:AO12,"ATM")+COUNTIF('02-26'!G13:AO13,"ATM")+COUNTIF('02-26'!G14:AO14,"ATM")+COUNTIF('02-26'!F15:AO15,"ATM")+COUNTIF('02-26'!G16:AO16,"ATM")+COUNTIF('02-26'!F17:AO17,"ATM")+COUNTIF('02-26'!G18:AO18,"ATM")+COUNTIF('02-26'!G19:AO19,"ATM")+COUNTIF('02-26'!F20:AO20,"ATM")+COUNTIF('02-26'!G21:AO21,"ATM")+COUNTIF('02-26'!G22:AO22,"ATM")+COUNTIF('02-26'!G23:AO23,"ATM")+COUNTIF('02-26'!G24:AO24,"ATM")+COUNTIF('02-26'!G25:AO25,"ATM")+COUNTIF('02-26'!G26:AO26,"ATM")+COUNTIF('02-26'!G27:AO27,"ATM")+COUNTIF('02-26'!G28:AO28,"ATM")+COUNTIF('02-26'!G10:AO10,"ATA")+COUNTIF('02-26'!G9:AO9,"ATA")+COUNTIF('02-26'!G8:AO8,"ATA")+COUNTIF('02-26'!G11:AO11,"ATA")+COUNTIF('02-26'!F12:AO12,"ATA")+COUNTIF('02-26'!G13:AO13,"ATA")+COUNTIF('02-26'!G14:AO14,"ATA")+COUNTIF('02-26'!F15:AO15,"ATA")+COUNTIF('02-26'!G16:AO16,"ATA")+COUNTIF('02-26'!F17:AO17,"ATA")+COUNTIF('02-26'!G18:AO18,"ATA")+COUNTIF('02-26'!G19:AO19,"ATA")+COUNTIF('02-26'!F20:AO20,"ATA")+COUNTIF('02-26'!G21:AO21,"ATA")+COUNTIF('02-26'!G22:AO22,"ATA")+COUNTIF('02-26'!G23:AO23,"ATA")+COUNTIF('02-26'!G24:AO24,"ATA")+COUNTIF('02-26'!G25:AO25,"ATA")+COUNTIF('02-26'!G26:AO26,"ATA")+COUNTIF('02-26'!G27:AO27,"ATA")+COUNTIF('02-26'!G28:AO28,"ATA"),COUNTIF(INDIRECT("'02-26'!G"&VLOOKUP($E$4,$AC$5:$AD$25,2,FALSE())&":AO"&VLOOKUP($E$4,$AC$5:$AD$25,2,FALSE())),"ATM/ATA")+COUNTIF(INDIRECT("'02-26'!G"&VLOOKUP($E$4,$AC$5:$AD$25,2,FALSE())&":AO"&VLOOKUP($E$4,$AC$5:$AD$25,2,FALSE())),"ATM")+COUNTIF(INDIRECT("'02-26'!G"&VLOOKUP($E$4,$AC$5:$AD$25,2,FALSE())&":AO"&VLOOKUP($E$4,$AC$5:$AD$25,2,FALSE())),"ATA")) -> 33 | E11: =IF($E$4="TOUS",COUNTIF('03-26'!G10:AO10,"ATM/ATA")+COUNTIF('03-26'!G9:AO9,"ATM/ATA")+COUNTIF('03-26'!G8:AO8,"ATM/ATA")+COUNTIF('03-26'!G11:AO11,"ATM/ATA")+COUNTIF('03-26'!F12:AO12,"ATM/ATA")+COUNTIF('03-26'!G13:AO13,"ATM/ATA")+COUNTIF('03-26'!G14:AO14,"ATM/ATA")+COUNTIF('03-26'!F15:AO15,"ATM/ATA")+COUNTIF('03-26'!F16:AO16,"ATM/ATA")+COUNTIF('03-26'!F17:AO17,"ATM/ATA")+COUNTIF('03-26'!F18:AO18,"ATM/ATA")+COUNTIF('03-26'!G19:AO19,"ATM/ATA")+COUNTIF('03-26'!G20:AO20,"ATM/ATA")+COUNTIF('03-26'!G21:AO21,"ATM/ATA")+COUNTIF('03-26'!F22:AO22,"ATM/ATA")+COUNTIF('03-26'!G23:AO23,"ATM/ATA")+COUNTIF('03-26'!G24:AO24,"ATM/ATA")+COUNTIF('03-26'!G25:AO25,"ATM/ATA")+COUNTIF('03-26'!G26:AO26,"ATM/ATA")+COUNTIF('03-26'!G27:AO27,"ATM/ATA")+COUNTIF('03-26'!G28:AO28,"ATM/ATA")+COUNTIF('03-26'!G10:AO10,"ATM")+COUNTIF('03-26'!G9:AO9,"ATM")+COUNTIF('03-26'!G8:AO8,"ATM")+COUNTIF('03-26'!G11:AO11,"ATM")+COUNTIF('03-26'!F12:AO12,"ATM")+COUNTIF('03-26'!G13:AO13,"ATM")+COUNTIF('03-26'!G14:AO14,"ATM")+COUNTIF('03-26'!F15:AO15,"ATM")+COUNTIF('03-26'!F16:AO16,"ATM")+COUNTIF('03-26'!F17:AO17,"ATM")+COUNTIF('03-26'!F18:AO18,"ATM")+COUNTIF('03-26'!G19:AO19,"ATM")+COUNTIF('03-26'!G20:AO20,"ATM")+COUNTIF('03-26'!G21:AO21,"ATM")+COUNTIF('03-26'!F22:AO22,"ATM")+COUNTIF('03-26'!G23:AO23,"ATM")+COUNTIF('03-26'!G24:AO24,"ATM")+COUNTIF('03-26'!G25:AO25,"ATM")+COUNTIF('03-26'!G26:AO26,"ATM")+COUNTIF('03-26'!G27:AO27,"ATM")+COUNTIF('03-26'!G28:AO28,"ATM")+COUNTIF('03-26'!G10:AO10,"ATA")+COUNTIF('03-26'!G9:AO9,"ATA")+COUNTIF('03-26'!G8:AO8,"ATA")+COUNTIF('03-26'!G11:AO11,"ATA")+COUNTIF('03-26'!F12:AO12,"ATA")+COUNTIF('03-26'!G13:AO13,"ATA")+COUNTIF('03-26'!G14:AO14,"ATA")+COUNTIF('03-26'!F15:AO15,"ATA")+COUNTIF('03-26'!F16:AO16,"ATA")+COUNTIF('03-26'!F17:AO17,"ATA")+COUNTIF('03-26'!F18:AO18,"ATA")+COUNTIF('03-26'!G19:AO19,"ATA")+COUNTIF('03-26'!G20:AO20,"ATA")+COUNTIF('03-26'!G21:AO21,"ATA")+COUNTIF('03-26'!F22:AO22,"ATA")+COUNTIF('03-26'!G23:AO23,"ATA")+COUNTIF('03-26'!G24:AO24,"ATA")+COUNTIF('03-26'!G25:AO25,"ATA")+COUNTIF('03-26'!G26:AO26,"ATA")+COUNTIF('03-26'!G27:AO27,"ATA")+COUNTIF('03-26'!G28:AO28,"ATA"),COUNTIF(INDIRECT("'03-26'!G"&VLOOKUP($E$4,$AC$5:$AD$25,2,FALSE())&":AO"&VLOOKUP($E$4,$AC$5:$AD$25,2,FALSE())),"ATM/ATA")+COUNTIF(INDIRECT("'03-26'!G"&VLOOKUP($E$4,$AC$5:$AD$25,2,FALSE())&":AO"&VLOOKUP($E$4,$AC$5:$AD$25,2,FALSE())),"ATM")+COUNTIF(INDIRECT("'03-26'!G"&VLOOKUP($E$4,$AC$5:$AD$25,2,FALSE())&":AO"&VLOOKUP($E$4,$AC$5:$AD$25,2,FALSE())),"ATA")) -> 25 | F11: =IF($E$4="TOUS",COUNTIF('04-26'!G10:AO10,"ATM/ATA")+COUNTIF('04-26'!G9:AO9,"ATM/ATA")+COUNTIF('04-26'!G8:AO8,"ATM/ATA")+COUNTIF('04-26'!G11:AO11,"ATM/ATA")+COUNTIF('04-26'!F12:AO12,"ATM/ATA")+COUNTIF('04-26'!G13:AO13,"ATM/ATA")+COUNTIF('04-26'!F14:AO14,"ATM/ATA")+COUNTIF('04-26'!G15:AO15,"ATM/ATA")+COUNTIF('04-26'!G16:AO16,"ATM/ATA")+COUNTIF('04-26'!G17:AO17,"ATM/ATA")+COUNTIF('04-26'!G18:AO18,"ATM/ATA")+COUNTIF('04-26'!G19:AO19,"ATM/ATA")+COUNTIF('04-26'!G20:AO20,"ATM/ATA")+COUNTIF('04-26'!G21:AO21,"ATM/ATA")+COUNTIF('04-26'!G22:AO22,"ATM/ATA")+COUNTIF('04-26'!G23:AO23,"ATM/ATA")+COUNTIF('04-26'!G24:AO24,"ATM/ATA")+COUNTIF('04-26'!G25:AO25,"ATM/ATA")+COUNTIF('04-26'!G26:AO26,"ATM/ATA")+COUNTIF('04-26'!G27:AO27,"ATM/ATA")+COUNTIF('04-26'!G28:AO28,"ATM/ATA")+COUNTIF('04-26'!G10:AO10,"ATM")+COUNTIF('04-26'!G9:AO9,"ATM")+COUNTIF('04-26'!G8:AO8,"ATM")+COUNTIF('04-26'!G11:AO11,"ATM")+COUNTIF('04-26'!F12:AO12,"ATM")+COUNTIF('04-26'!G13:AO13,"ATM")+COUNTIF('04-26'!F14:AO14,"ATM")+COUNTIF('04-26'!G15:AO15,"ATM")+COUNTIF('04-26'!G16:AO16,"ATM")+COUNTIF('04-26'!G17:AO17,"ATM")+COUNTIF('04-26'!G18:AO18,"ATM")+COUNTIF('04-26'!G19:AO19,"ATM")+COUNTIF('04-26'!G20:AO20,"ATM")+COUNTIF('04-26'!G21:AO21,"ATM")+COUNTIF('04-26'!G22:AO22,"ATM")+COUNTIF('04-26'!G23:AO23,"ATM")+COUNTIF('04-26'!G24:AO24,"ATM")+COUNTIF('04-26'!G25:AO25,"ATM")+COUNTIF('04-26'!G26:AO26,"ATM")+COUNTIF('04-26'!G27:AO27,"ATM")+COUNTIF('04-26'!G28:AO28,"ATM")+COUNTIF('04-26'!G10:AO10,"ATA")+COUNTIF('04-26'!G9:AO9,"ATA")+COUNTIF('04-26'!G8:AO8,"ATA")+COUNTIF('04-26'!G11:AO11,"ATA")+COUNTIF('04-26'!F12:AO12,"ATA")+COUNTIF('04-26'!G13:AO13,"ATA")+COUNTIF('04-26'!F14:AO14,"ATA")+COUNTIF('04-26'!G15:AO15,"ATA")+COUNTIF('04-26'!G16:AO16,"ATA")+COUNTIF('04-26'!G17:AO17,"ATA")+COUNTIF('04-26'!G18:AO18,"ATA")+COUNTIF('04-26'!G19:AO19,"ATA")+COUNTIF('04-26'!G20:AO20,"ATA")+COUNTIF('04-26'!G21:AO21,"ATA")+COUNTIF('04-26'!G22:AO22,"ATA")+COUNTIF('04-26'!G23:AO23,"ATA")+COUNTIF('04-26'!G24:AO24,"ATA")+COUNTIF('04-26'!G25:AO25,"ATA")+COUNTIF('04-26'!G26:AO26,"ATA")+COUNTIF('04-26'!G27:AO27,"ATA")+COUNTIF('04-26'!G28:AO28,"ATA"),COUNTIF(INDIRECT("'04-26'!G"&VLOOKUP($E$4,$AC$5:$AD$25,2,FALSE())&":AO"&VLOOKUP($E$4,$AC$5:$AD$25,2,FALSE())),"ATM/ATA")+COUNTIF(INDIRECT("'04-26'!G"&VLOOKUP($E$4,$AC$5:$AD$25,2,FALSE())&":AO"&VLOOKUP($E$4,$AC$5:$AD$25,2,FALSE())),"ATM")+COUNTIF(INDIRECT("'04-26'!G"&VLOOKUP($E$4,$AC$5:$AD$25,2,FALSE())&":AO"&VLOOKUP($E$4,$AC$5:$AD$25,2,FALSE())),"ATA")) -> 26 | G11: =IF($E$4="TOUS",COUNTIF('05-26'!G10:AO10,"ATM/ATA")+COUNTIF('05-26'!G9:AO9,"ATM/ATA")+COUNTIF('05-26'!G8:AO8,"ATM/ATA")+COUNTIF('05-26'!G11:AO11,"ATM/ATA")+COUNTIF('05-26'!F12:AO12,"ATM/ATA")+COUNTIF('05-26'!G13:AO13,"ATM/ATA")+COUNTIF('05-26'!F14:AO14,"ATM/ATA")+COUNTIF('05-26'!F15:AO15,"ATM/ATA")+COUNTIF('05-26'!G16:AO16,"ATM/ATA")+COUNTIF('05-26'!F17:AO17,"ATM/ATA")+COUNTIF('05-26'!G18:AO18,"ATM/ATA")+COUNTIF('05-26'!G19:AO19,"ATM/ATA")+COUNTIF('05-26'!G20:AO20,"ATM/ATA")+COUNTIF('05-26'!F21:AO21,"ATM/ATA")+COUNTIF('05-26'!F22:AO22,"ATM/ATA")+COUNTIF('05-26'!G23:AO23,"ATM/ATA")+COUNTIF('05-26'!G24:AO24,"ATM/ATA")+COUNTIF('05-26'!G25:AO25,"ATM/ATA")+COUNTIF('05-26'!G26:AO26,"ATM/ATA")+COUNTIF('05-26'!G27:AO27,"ATM/ATA")+COUNTIF('05-26'!G28:AO28,"ATM/ATA")+COUNTIF('05-26'!G10:AO10,"ATM")+COUNTIF('05-26'!G9:AO9,"ATM")+COUNTIF('05-26'!G8:AO8,"ATM")+COUNTIF('05-26'!G11:AO11,"ATM")+COUNTIF('05-26'!F12:AO12,"ATM")+COUNTIF('05-26'!G13:AO13,"ATM")+COUNTIF('05-26'!F14:AO14,"ATM")+COUNTIF('05-26'!F15:AO15,"ATM")+COUNTIF('05-26'!G16:AO16,"ATM")+COUNTIF('05-26'!F17:AO17,"ATM")+COUNTIF('05-26'!G18:AO18,"ATM")+COUNTIF('05-26'!G19:AO19,"ATM")+COUNTIF('05-26'!G20:AO20,"ATM")+COUNTIF('05-26'!F21:AO21,"ATM")+COUNTIF('05-26'!F22:AO22,"ATM")+COUNTIF('05-26'!G23:AO23,"ATM")+COUNTIF('05-26'!G24:AO24,"ATM")+COUNTIF('05-26'!G25:AO25,"ATM")+COUNTIF('05-26'!G26:AO26,"ATM")+COUNTIF('05-26'!G27:AO27,"ATM")+COUNTIF('05-26'!G28:AO28,"ATM")+COUNTIF('05-26'!G10:AO10,"ATA")+COUNTIF('05-26'!G9:AO9,"ATA")+COUNTIF('05-26'!G8:AO8,"ATA")+COUNTIF('05-26'!G11:AO11,"ATA")+COUNTIF('05-26'!F12:AO12,"ATA")+COUNTIF('05-26'!G13:AO13,"ATA")+COUNTIF('05-26'!F14:AO14,"ATA")+COUNTIF('05-26'!F15:AO15,"ATA")+COUNTIF('05-26'!G16:AO16,"ATA")+COUNTIF('05-26'!F17:AO17,"ATA")+COUNTIF('05-26'!G18:AO18,"ATA")+COUNTIF('05-26'!G19:AO19,"ATA")+COUNTIF('05-26'!G20:AO20,"ATA")+COUNTIF('05-26'!F21:AO21,"ATA")+COUNTIF('05-26'!F22:AO22,"ATA")+COUNTIF('05-26'!G23:AO23,"ATA")+COUNTIF('05-26'!G24:AO24,"ATA")+COUNTIF('05-26'!G25:AO25,"ATA")+COUNTIF('05-26'!G26:AO26,"ATA")+COUNTIF('05-26'!G27:AO27,"ATA")+COUNTIF('05-26'!G28:AO28,"ATA"),COUNTIF(INDIRECT("'05-26'!G"&VLOOKUP($E$4,$AC$5:$AD$25,2,FALSE())&":AO"&VLOOKUP($E$4,$AC$5:$AD$25,2,FALSE())),"ATM/ATA")+COUNTIF(INDIRECT("'05-26'!G"&VLOOKUP($E$4,$AC$5:$AD$25,2,FALSE())&":AO"&VLOOKUP($E$4,$AC$5:$AD$25,2,FALSE())),"ATM")+COUNTIF(INDIRECT("'05-26'!G"&VLOOKUP($E$4,$AC$5:$AD$25,2,FALSE())&":AO"&VLOOKUP($E$4,$AC$5:$AD$25,2,FALSE())),"ATA")) -> 8 | H11: =IF($E$4="TOUS",COUNTIF('06-26'!G10:AO10,"ATM/ATA")+COUNTIF('06-26'!G9:AO9,"ATM/ATA")+COUNTIF('06-26'!G8:AO8,"ATM/ATA")+COUNTIF('06-26'!G11:AO11,"ATM/ATA")+COUNTIF('06-26'!F12:AO12,"ATM/ATA")+COUNTIF('06-26'!G13:AO13,"ATM/ATA")+COUNTIF('06-26'!F14:AO14,"ATM/ATA")+COUNTIF('06-26'!F15:AO15,"ATM/ATA")+COUNTIF('06-26'!F16:AO16,"ATM/ATA")+COUNTIF('06-26'!F17:AO17,"ATM/ATA")+COUNTIF('06-26'!G18:AO18,"ATM/ATA")+COUNTIF('06-26'!G19:AO19,"ATM/ATA")+COUNTIF('06-26'!G20:AO20,"ATM/ATA")+COUNTIF('06-26'!F21:AO21,"ATM/ATA")+COUNTIF('06-26'!F22:AO22,"ATM/ATA")+COUNTIF('06-26'!G23:AO23,"ATM/ATA")+COUNTIF('06-26'!G24:AO24,"ATM/ATA")+COUNTIF('06-26'!G25:AO25,"ATM/ATA")+COUNTIF('06-26'!G26:AO26,"ATM/ATA")+COUNTIF('06-26'!G27:AO27,"ATM/ATA")+COUNTIF('06-26'!G28:AO28,"ATM/ATA")+COUNTIF('06-26'!G10:AO10,"ATM")+COUNTIF('06-26'!G9:AO9,"ATM")+COUNTIF('06-26'!G8:AO8,"ATM")+COUNTIF('06-26'!G11:AO11,"ATM")+COUNTIF('06-26'!F12:AO12,"ATM")+COUNTIF('06-26'!G13:AO13,"ATM")+COUNTIF('06-26'!F14:AO14,"ATM")+COUNTIF('06-26'!F15:AO15,"ATM")+COUNTIF('06-26'!F16:AO16,"ATM")+COUNTIF('06-26'!F17:AO17,"ATM")+COUNTIF('06-26'!G18:AO18,"ATM")+COUNTIF('06-26'!G19:AO19,"ATM")+COUNTIF('06-26'!G20:AO20,"ATM")+COUNTIF('06-26'!F21:AO21,"ATM")+COUNTIF('06-26'!F22:AO22,"ATM")+COUNTIF('06-26'!G23:AO23,"ATM")+COUNTIF('06-26'!G24:AO24,"ATM")+COUNTIF('06-26'!G25:AO25,"ATM")+COUNTIF('06-26'!G26:AO26,"ATM")+COUNTIF('06-26'!G27:AO27,"ATM")+COUNTIF('06-26'!G28:AO28,"ATM")+COUNTIF('06-26'!G10:AO10,"ATA")+COUNTIF('06-26'!G9:AO9,"ATA")+COUNTIF('06-26'!G8:AO8,"ATA")+COUNTIF('06-26'!G11:AO11,"ATA")+COUNTIF('06-26'!F12:AO12,"ATA")+COUNTIF('06-26'!G13:AO13,"ATA")+COUNTIF('06-26'!F14:AO14,"ATA")+COUNTIF('06-26'!F15:AO15,"ATA")+COUNTIF('06-26'!F16:AO16,"ATA")+COUNTIF('06-26'!F17:AO17,"ATA")+COUNTIF('06-26'!G18:AO18,"ATA")+COUNTIF('06-26'!G19:AO19,"ATA")+COUNTIF('06-26'!G20:AO20,"ATA")+COUNTIF('06-26'!F21:AO21,"ATA")+COUNTIF('06-26'!F22:AO22,"ATA")+COUNTIF('06-26'!G23:AO23,"ATA")+COUNTIF('06-26'!G24:AO24,"ATA")+COUNTIF('06-26'!G25:AO25,"ATA")+COUNTIF('06-26'!G26:AO26,"ATA")+COUNTIF('06-26'!G27:AO27,"ATA")+COUNTIF('06-26'!G28:AO28,"ATA"),COUNTIF(INDIRECT("'06-26'!G"&VLOOKUP($E$4,$AC$5:$AD$25,2,FALSE())&":AO"&VLOOKUP($E$4,$AC$5:$AD$25,2,FALSE())),"ATM/ATA")+COUNTIF(INDIRECT("'06-26'!G"&VLOOKUP($E$4,$AC$5:$AD$25,2,FALSE())&":AO"&VLOOKUP($E$4,$AC$5:$AD$25,2,FALSE())),"ATM")+COUNTIF(INDIRECT("'06-26'!G"&VLOOKUP($E$4,$AC$5:$AD$25,2,FALSE())&":AO"&VLOOKUP($E$4,$AC$5:$AD$25,2,FALSE())),"ATA")) -> 0 | I11: =IF($E$4="TOUS",COUNTIF('07-26'!G10:AO10,"ATM/ATA")+COUNTIF('07-26'!G9:AO9,"ATM/ATA")+COUNTIF('07-26'!G8:AO8,"ATM/ATA")+COUNTIF('07-26'!F11:AO11,"ATM/ATA")+COUNTIF('07-26'!G12:AO12,"ATM/ATA")+COUNTIF('07-26'!G13:AO13,"ATM/ATA")+COUNTIF('07-26'!F14:AO14,"ATM/ATA")+COUNTIF('07-26'!F15:AO15,"ATM/ATA")+COUNTIF('07-26'!G16:AO16,"ATM/ATA")+COUNTIF('07-26'!G17:AO17,"ATM/ATA")+COUNTIF('07-26'!G18:AO18,"ATM/ATA")+COUNTIF('07-26'!G19:AO19,"ATM/ATA")+COUNTIF('07-26'!F20:AO20,"ATM/ATA")+COUNTIF('07-26'!F21:AO21,"ATM/ATA")+COUNTIF('07-26'!F22:AO22,"ATM/ATA")+COUNTIF('07-26'!G23:AO23,"ATM/ATA")+COUNTIF('07-26'!G24:AO24,"ATM/ATA")+COUNTIF('07-26'!G25:AO25,"ATM/ATA")+COUNTIF('07-26'!G26:AO26,"ATM/ATA")+COUNTIF('07-26'!G27:AO27,"ATM/ATA")+COUNTIF('07-26'!G28:AO28,"ATM/ATA")+COUNTIF('07-26'!G10:AO10,"ATM")+COUNTIF('07-26'!G9:AO9,"ATM")+COUNTIF('07-26'!G8:AO8,"ATM")+COUNTIF('07-26'!F11:AO11,"ATM")+COUNTIF('07-26'!G12:AO12,"ATM")+COUNTIF('07-26'!G13:AO13,"ATM")+COUNTIF('07-26'!F14:AO14,"ATM")+COUNTIF('07-26'!F15:AO15,"ATM")+COUNTIF('07-26'!G16:AO16,"ATM")+COUNTIF('07-26'!G17:AO17,"ATM")+COUNTIF('07-26'!G18:AO18,"ATM")+COUNTIF('07-26'!G19:AO19,"ATM")+COUNTIF('07-26'!F20:AO20,"ATM")+COUNTIF('07-26'!F21:AO21,"ATM")+COUNTIF('07-26'!F22:AO22,"ATM")+COUNTIF('07-26'!G23:AO23,"ATM")+COUNTIF('07-26'!G24:AO24,"ATM")+COUNTIF('07-26'!G25:AO25,"ATM")+COUNTIF('07-26'!G26:AO26,"ATM")+COUNTIF('07-26'!G27:AO27,"ATM")+COUNTIF('07-26'!G28:AO28,"ATM")+COUNTIF('07-26'!G10:AO10,"ATA")+COUNTIF('07-26'!G9:AO9,"ATA")+COUNTIF('07-26'!G8:AO8,"ATA")+COUNTIF('07-26'!F11:AO11,"ATA")+COUNTIF('07-26'!G12:AO12,"ATA")+COUNTIF('07-26'!G13:AO13,"ATA")+COUNTIF('07-26'!F14:AO14,"ATA")+COUNTIF('07-26'!F15:AO15,"ATA")+COUNTIF('07-26'!G16:AO16,"ATA")+COUNTIF('07-26'!G17:AO17,"ATA")+COUNTIF('07-26'!G18:AO18,"ATA")+COUNTIF('07-26'!G19:AO19,"ATA")+COUNTIF('07-26'!F20:AO20,"ATA")+COUNTIF('07-26'!F21:AO21,"ATA")+COUNTIF('07-26'!F22:AO22,"ATA")+COUNTIF('07-26'!G23:AO23,"ATA")+COUNTIF('07-26'!G24:AO24,"ATA")+COUNTIF('07-26'!G25:AO25,"ATA")+COUNTIF('07-26'!G26:AO26,"ATA")+COUNTIF('07-26'!G27:AO27,"ATA")+COUNTIF('07-26'!G28:AO28,"ATA"),COUNTIF(INDIRECT("'07-26'!G"&VLOOKUP($E$4,$AC$5:$AD$25,2,FALSE())&":AO"&VLOOKUP($E$4,$AC$5:$AD$25,2,FALSE())),"ATM/ATA")+COUNTIF(INDIRECT("'07-26'!G"&VLOOKUP($E$4,$AC$5:$AD$25,2,FALSE())&":AO"&VLOOKUP($E$4,$AC$5:$AD$25,2,FALSE())),"ATM")+COUNTIF(INDIRECT("'07-26'!G"&VLOOKUP($E$4,$AC$5:$AD$25,2,FALSE())&":AO"&VLOOKUP($E$4,$AC$5:$AD$25,2,FALSE())),"ATA")) -> 0 | J11: =IF($E$4="TOUS",COUNTIF('08-26'!G10:AO10,"ATM/ATA")+COUNTIF('08-26'!G9:AO9,"ATM/ATA")+COUNTIF('08-26'!G8:AO8,"ATM/ATA")+COUNTIF('08-26'!F11:AO11,"ATM/ATA")+COUNTIF('08-26'!F12:AO12,"ATM/ATA")+COUNTIF('08-26'!F13:AO13,"ATM/ATA")+COUNTIF('08-26'!F14:AO14,"ATM/ATA")+COUNTIF('08-26'!F15:AO15,"ATM/ATA")+COUNTIF('08-26'!G16:AO16,"ATM/ATA")+COUNTIF('08-26'!F17:AO17,"ATM/ATA")+COUNTIF('08-26'!G18:AO18,"ATM/ATA")+COUNTIF('08-26'!F19:AO19,"ATM/ATA")+COUNTIF('08-26'!F20:AO20,"ATM/ATA")+COUNTIF('08-26'!G21:AO21,"ATM/ATA")+COUNTIF('08-26'!F22:AO22,"ATM/ATA")+COUNTIF('08-26'!G23:AO23,"ATM/ATA")+COUNTIF('08-26'!G24:AO24,"ATM/ATA")+COUNTIF('08-26'!G25:AO25,"ATM/ATA")+COUNTIF('08-26'!G26:AO26,"ATM/ATA")+COUNTIF('08-26'!G27:AO27,"ATM/ATA")+COUNTIF('08-26'!G28:AO28,"ATM/ATA")+COUNTIF('08-26'!G10:AO10,"ATM")+COUNTIF('08-26'!G9:AO9,"ATM")+COUNTIF('08-26'!G8:AO8,"ATM")+COUNTIF('08-26'!F11:AO11,"ATM")+COUNTIF('08-26'!F12:AO12,"ATM")+COUNTIF('08-26'!F13:AO13,"ATM")+COUNTIF('08-26'!F14:AO14,"ATM")+COUNTIF('08-26'!F15:AO15,"ATM")+COUNTIF('08-26'!G16:AO16,"ATM")+COUNTIF('08-26'!F17:AO17,"ATM")+COUNTIF('08-26'!G18:AO18,"ATM")+COUNTIF('08-26'!F19:AO19,"ATM")+COUNTIF('08-26'!F20:AO20,"ATM")+COUNTIF('08-26'!G21:AO21,"ATM")+COUNTIF('08-26'!F22:AO22,"ATM")+COUNTIF('08-26'!G23:AO23,"ATM")+COUNTIF('08-26'!G24:AO24,"ATM")+COUNTIF('08-26'!G25:AO25,"ATM")+COUNTIF('08-26'!G26:AO26,"ATM")+COUNTIF('08-26'!G27:AO27,"ATM")+COUNTIF('08-26'!G28:AO28,"ATM")+COUNTIF('08-26'!G10:AO10,"ATA")+COUNTIF('08-26'!G9:AO9,"ATA")+COUNTIF('08-26'!G8:AO8,"ATA")+COUNTIF('08-26'!F11:AO11,"ATA")+COUNTIF('08-26'!F12:AO12,"ATA")+COUNTIF('08-26'!F13:AO13,"ATA")+COUNTIF('08-26'!F14:AO14,"ATA")+COUNTIF('08-26'!F15:AO15,"ATA")+COUNTIF('08-26'!G16:AO16,"ATA")+COUNTIF('08-26'!F17:AO17,"ATA")+COUNTIF('08-26'!G18:AO18,"ATA")+COUNTIF('08-26'!F19:AO19,"ATA")+COUNTIF('08-26'!F20:AO20,"ATA")+COUNTIF('08-26'!G21:AO21,"ATA")+COUNTIF('08-26'!F22:AO22,"ATA")+COUNTIF('08-26'!G23:AO23,"ATA")+COUNTIF('08-26'!G24:AO24,"ATA")+COUNTIF('08-26'!G25:AO25,"ATA")+COUNTIF('08-26'!G26:AO26,"ATA")+COUNTIF('08-26'!G27:AO27,"ATA")+COUNTIF('08-26'!G28:AO28,"ATA"),COUNTIF(INDIRECT("'08-26'!G"&VLOOKUP($E$4,$AC$5:$AD$25,2,FALSE())&":AO"&VLOOKUP($E$4,$AC$5:$AD$25,2,FALSE())),"ATM/ATA")+COUNTIF(INDIRECT("'08-26'!G"&VLOOKUP($E$4,$AC$5:$AD$25,2,FALSE())&":AO"&VLOOKUP($E$4,$AC$5:$AD$25,2,FALSE())),"ATM")+COUNTIF(INDIRECT("'08-26'!G"&VLOOKUP($E$4,$AC$5:$AD$25,2,FALSE())&":AO"&VLOOKUP($E$4,$AC$5:$AD$25,2,FALSE())),"ATA")) -> 0 | K11: =IF($E$4="TOUS",COUNTIF('09-26'!G10:AO10,"ATM/ATA")+COUNTIF('09-26'!G9:AO9,"ATM/ATA")+COUNTIF('09-26'!G8:AO8,"ATM/ATA")+COUNTIF('09-26'!F11:AO11,"ATM/ATA")+COUNTIF('09-26'!F12:AO12,"ATM/ATA")+COUNTIF('09-26'!G13:AO13,"ATM/ATA")+COUNTIF('09-26'!G14:AO14,"ATM/ATA")+COUNTIF('09-26'!F15:AO15,"ATM/ATA")+COUNTIF('09-26'!F16:AO16,"ATM/ATA")+COUNTIF('09-26'!F17:AO17,"ATM/ATA")+COUNTIF('09-26'!F18:AO18,"ATM/ATA")+COUNTIF('09-26'!G19:AO19,"ATM/ATA")+COUNTIF('09-26'!G20:AO20,"ATM/ATA")+COUNTIF('09-26'!F21:AO21,"ATM/ATA")+COUNTIF('09-26'!G22:AO22,"ATM/ATA")+COUNTIF('09-26'!G23:AO23,"ATM/ATA")+COUNTIF('09-26'!G24:AO24,"ATM/ATA")+COUNTIF('09-26'!G25:AO25,"ATM/ATA")+COUNTIF('09-26'!G26:AO26,"ATM/ATA")+COUNTIF('09-26'!G27:AO27,"ATM/ATA")+COUNTIF('09-26'!G28:AO28,"ATM/ATA")+COUNTIF('09-26'!G10:AO10,"ATM")+COUNTIF('09-26'!G9:AO9,"ATM")+COUNTIF('09-26'!G8:AO8,"ATM")+COUNTIF('09-26'!F11:AO11,"ATM")+COUNTIF('09-26'!F12:AO12,"ATM")+COUNTIF('09-26'!G13:AO13,"ATM")+COUNTIF('09-26'!G14:AO14,"ATM")+COUNTIF('09-26'!F15:AO15,"ATM")+COUNTIF('09-26'!F16:AO16,"ATM")+COUNTIF('09-26'!F17:AO17,"ATM")+COUNTIF('09-26'!F18:AO18,"ATM")+COUNTIF('09-26'!G19:AO19,"ATM")+COUNTIF('09-26'!G20:AO20,"ATM")+COUNTIF('09-26'!F21:AO21,"ATM")+COUNTIF('09-26'!G22:AO22,"ATM")+COUNTIF('09-26'!G23:AO23,"ATM")+COUNTIF('09-26'!G24:AO24,"ATM")+COUNTIF('09-26'!G25:AO25,"ATM")+COUNTIF('09-26'!G26:AO26,"ATM")+COUNTIF('09-26'!G27:AO27,"ATM")+COUNTIF('09-26'!G28:AO28,"ATM")+COUNTIF('09-26'!G10:AO10,"ATA")+COUNTIF('09-26'!G9:AO9,"ATA")+COUNTIF('09-26'!G8:AO8,"ATA")+COUNTIF('09-26'!F11:AO11,"ATA")+COUNTIF('09-26'!F12:AO12,"ATA")+COUNTIF('09-26'!G13:AO13,"ATA")+COUNTIF('09-26'!G14:AO14,"ATA")+COUNTIF('09-26'!F15:AO15,"ATA")+COUNTIF('09-26'!F16:AO16,"ATA")+COUNTIF('09-26'!F17:AO17,"ATA")+COUNTIF('09-26'!F18:AO18,"ATA")+COUNTIF('09-26'!G19:AO19,"ATA")+COUNTIF('09-26'!G20:AO20,"ATA")+COUNTIF('09-26'!F21:AO21,"ATA")+COUNTIF('09-26'!G22:AO22,"ATA")+COUNTIF('09-26'!G23:AO23,"ATA")+COUNTIF('09-26'!G24:AO24,"ATA")+COUNTIF('09-26'!G25:AO25,"ATA")+COUNTIF('09-26'!G26:AO26,"ATA")+COUNTIF('09-26'!G27:AO27,"ATA")+COUNTIF('09-26'!G28:AO28,"ATA"),COUNTIF(INDIRECT("'09-26'!G"&VLOOKUP($E$4,$AC$5:$AD$25,2,FALSE())&":AO"&VLOOKUP($E$4,$AC$5:$AD$25,2,FALSE())),"ATM/ATA")+COUNTIF(INDIRECT("'09-26'!G"&VLOOKUP($E$4,$AC$5:$AD$25,2,FALSE())&":AO"&VLOOKUP($E$4,$AC$5:$AD$25,2,FALSE())),"ATM")+COUNTIF(INDIRECT("'09-26'!G"&VLOOKUP($E$4,$AC$5:$AD$25,2,FALSE())&":AO"&VLOOKUP($E$4,$AC$5:$AD$25,2,FALSE())),"ATA")) -> 0 | L11: =IF($E$4="TOUS",COUNTIF('10-26'!G10:AO10,"ATM/ATA")+COUNTIF('10-26'!G9:AO9,"ATM/ATA")+COUNTIF('10-26'!G8:AO8,"ATM/ATA")+COUNTIF('10-26'!F11:AO11,"ATM/ATA")+COUNTIF('10-26'!F12:AO12,"ATM/ATA")+COUNTIF('10-26'!G13:AO13,"ATM/ATA")+COUNTIF('10-26'!F14:AO14,"ATM/ATA")+COUNTIF('10-26'!F15:AO15,"ATM/ATA")+COUNTIF('10-26'!F16:AO16,"ATM/ATA")+COUNTIF('10-26'!F17:AO17,"ATM/ATA")+COUNTIF('10-26'!G18:AO18,"ATM/ATA")+COUNTIF('10-26'!G19:AO19,"ATM/ATA")+COUNTIF('10-26'!F20:AO20,"ATM/ATA")+COUNTIF('10-26'!G21:AO21,"ATM/ATA")+COUNTIF('10-26'!G22:AO22,"ATM/ATA")+COUNTIF('10-26'!F23:AO23,"ATM/ATA")+COUNTIF('10-26'!G24:AO24,"ATM/ATA")+COUNTIF('10-26'!G25:AO25,"ATM/ATA")+COUNTIF('10-26'!G26:AO26,"ATM/ATA")+COUNTIF('10-26'!G27:AO27,"ATM/ATA")+COUNTIF('10-26'!G28:AO28,"ATM/ATA")+COUNTIF('10-26'!G10:AO10,"ATM")+COUNTIF('10-26'!G9:AO9,"ATM")+COUNTIF('10-26'!G8:AO8,"ATM")+COUNTIF('10-26'!F11:AO11,"ATM")+COUNTIF('10-26'!F12:AO12,"ATM")+COUNTIF('10-26'!G13:AO13,"ATM")+COUNTIF('10-26'!F14:AO14,"ATM")+COUNTIF('10-26'!F15:AO15,"ATM")+COUNTIF('10-26'!F16:AO16,"ATM")+COUNTIF('10-26'!F17:AO17,"ATM")+COUNTIF('10-26'!G18:AO18,"ATM")+COUNTIF('10-26'!G19:AO19,"ATM")+COUNTIF('10-26'!F20:AO20,"ATM")+COUNTIF('10-26'!G21:AO21,"ATM")+COUNTIF('10-26'!G22:AO22,"ATM")+COUNTIF('10-26'!F23:AO23,"ATM")+COUNTIF('10-26'!G24:AO24,"ATM")+COUNTIF('10-26'!G25:AO25,"ATM")+COUNTIF('10-26'!G26:AO26,"ATM")+COUNTIF('10-26'!G27:AO27,"ATM")+COUNTIF('10-26'!G28:AO28,"ATM")+COUNTIF('10-26'!G10:AO10,"ATA")+COUNTIF('10-26'!G9:AO9,"ATA")+COUNTIF('10-26'!G8:AO8,"ATA")+COUNTIF('10-26'!F11:AO11,"ATA")+COUNTIF('10-26'!F12:AO12,"ATA")+COUNTIF('10-26'!G13:AO13,"ATA")+COUNTIF('10-26'!F14:AO14,"ATA")+COUNTIF('10-26'!F15:AO15,"ATA")+COUNTIF('10-26'!F16:AO16,"ATA")+COUNTIF('10-26'!F17:AO17,"ATA")+COUNTIF('10-26'!G18:AO18,"ATA")+COUNTIF('10-26'!G19:AO19,"ATA")+COUNTIF('10-26'!F20:AO20,"ATA")+COUNTIF('10-26'!G21:AO21,"ATA")+COUNTIF('10-26'!G22:AO22,"ATA")+COUNTIF('10-26'!F23:AO23,"ATA")+COUNTIF('10-26'!G24:AO24,"ATA")+COUNTIF('10-26'!G25:AO25,"ATA")+COUNTIF('10-26'!G26:AO26,"ATA")+COUNTIF('10-26'!G27:AO27,"ATA")+COUNTIF('10-26'!G28:AO28,"ATA"),COUNTIF(INDIRECT("'10-26'!G"&VLOOKUP($E$4,$AC$5:$AD$25,2,FALSE())&":AO"&VLOOKUP($E$4,$AC$5:$AD$25,2,FALSE())),"ATM/ATA")+COUNTIF(INDIRECT("'10-26'!G"&VLOOKUP($E$4,$AC$5:$AD$25,2,FALSE())&":AO"&VLOOKUP($E$4,$AC$5:$AD$25,2,FALSE())),"ATM")+COUNTIF(INDIRECT("'10-26'!G"&VLOOKUP($E$4,$AC$5:$AD$25,2,FALSE())&":AO"&VLOOKUP($E$4,$AC$5:$AD$25,2,FALSE())),"ATA")) -> 0 | M11: =IF($E$4="TOUS",COUNTIF('11-26'!G10:AO10,"ATM/ATA")+COUNTIF('11-26'!G9:AO9,"ATM/ATA")+COUNTIF('11-26'!G8:AO8,"ATM/ATA")+COUNTIF('11-26'!G11:AO11,"ATM/ATA")+COUNTIF('11-26'!F12:AO12,"ATM/ATA")+COUNTIF('11-26'!G13:AO13,"ATM/ATA")+COUNTIF('11-26'!F14:AO14,"ATM/ATA")+COUNTIF('11-26'!F15:AO15,"ATM/ATA")+COUNTIF('11-26'!G16:AO16,"ATM/ATA")+COUNTIF('11-26'!G17:AO17,"ATM/ATA")+COUNTIF('11-26'!G18:AO18,"ATM/ATA")+COUNTIF('11-26'!G19:AO19,"ATM/ATA")+COUNTIF('11-26'!F20:AO20,"ATM/ATA")+COUNTIF('11-26'!F21:AO21,"ATM/ATA")+COUNTIF('11-26'!F22:AO22,"ATM/ATA")+COUNTIF('11-26'!G23:AO23,"ATM/ATA")+COUNTIF('11-26'!G24:AO24,"ATM/ATA")+COUNTIF('11-26'!G25:AO25,"ATM/ATA")+COUNTIF('11-26'!G26:AO26,"ATM/ATA")+COUNTIF('11-26'!G27:AO27,"ATM/ATA")+COUNTIF('11-26'!G28:AO28,"ATM/ATA")+COUNTIF('11-26'!G10:AO10,"ATM")+COUNTIF('11-26'!G9:AO9,"ATM")+COUNTIF('11-26'!G8:AO8,"ATM")+COUNTIF('11-26'!G11:AO11,"ATM")+COUNTIF('11-26'!F12:AO12,"ATM")+COUNTIF('11-26'!G13:AO13,"ATM")+COUNTIF('11-26'!F14:AO14,"ATM")+COUNTIF('11-26'!F15:AO15,"ATM")+COUNTIF('11-26'!G16:AO16,"ATM")+COUNTIF('11-26'!G17:AO17,"ATM")+COUNTIF('11-26'!G18:AO18,"ATM")+COUNTIF('11-26'!G19:AO19,"ATM")+COUNTIF('11-26'!F20:AO20,"ATM")+COUNTIF('11-26'!F21:AO21,"ATM")+COUNTIF('11-26'!F22:AO22,"ATM")+COUNTIF('11-26'!G23:AO23,"ATM")+COUNTIF('11-26'!G24:AO24,"ATM")+COUNTIF('11-26'!G25:AO25,"ATM")+COUNTIF('11-26'!G26:AO26,"ATM")+COUNTIF('11-26'!G27:AO27,"ATM")+COUNTIF('11-26'!G28:AO28,"ATM")+COUNTIF('11-26'!G10:AO10,"ATA")+COUNTIF('11-26'!G9:AO9,"ATA")+COUNTIF('11-26'!G8:AO8,"ATA")+COUNTIF('11-26'!G11:AO11,"ATA")+COUNTIF('11-26'!F12:AO12,"ATA")+COUNTIF('11-26'!G13:AO13,"ATA")+COUNTIF('11-26'!F14:AO14,"ATA")+COUNTIF('11-26'!F15:AO15,"ATA")+COUNTIF('11-26'!G16:AO16,"ATA")+COUNTIF('11-26'!G17:AO17,"ATA")+COUNTIF('11-26'!G18:AO18,"ATA")+COUNTIF('11-26'!G19:AO19,"ATA")+COUNTIF('11-26'!F20:AO20,"ATA")+COUNTIF('11-26'!F21:AO21,"ATA")+COUNTIF('11-26'!F22:AO22,"ATA")+COUNTIF('11-26'!G23:AO23,"ATA")+COUNTIF('11-26'!G24:AO24,"ATA")+COUNTIF('11-26'!G25:AO25,"ATA")+COUNTIF('11-26'!G26:AO26,"ATA")+COUNTIF('11-26'!G27:AO27,"ATA")+COUNTIF('11-26'!G28:AO28,"ATA"),COUNTIF(INDIRECT("'11-26'!G"&VLOOKUP($E$4,$AC$5:$AD$25,2,FALSE())&":AO"&VLOOKUP($E$4,$AC$5:$AD$25,2,FALSE())),"ATM/ATA")+COUNTIF(INDIRECT("'11-26'!G"&VLOOKUP($E$4,$AC$5:$AD$25,2,FALSE())&":AO"&VLOOKUP($E$4,$AC$5:$AD$25,2,FALSE())),"ATM")+COUNTIF(INDIRECT("'11-26'!G"&VLOOKUP($E$4,$AC$5:$AD$25,2,FALSE())&":AO"&VLOOKUP($E$4,$AC$5:$AD$25,2,FALSE())),"ATA")) -> 0 | N11: =IF($E$4="TOUS",COUNTIF('12-26'!G10:AO10,"ATM/ATA")+COUNTIF('12-26'!G9:AO9,"ATM/ATA")+COUNTIF('12-26'!G8:AO8,"ATM/ATA")+COUNTIF('12-26'!G11:AO11,"ATM/ATA")+COUNTIF('12-26'!G12:AO12,"ATM/ATA")+COUNTIF('12-26'!G13:AO13,"ATM/ATA")+COUNTIF('12-26'!G14:AO14,"ATM/ATA")+COUNTIF('12-26'!F15:AO15,"ATM/ATA")+COUNTIF('12-26'!G16:AO16,"ATM/ATA")+COUNTIF('12-26'!F17:AO17,"ATM/ATA")+COUNTIF('12-26'!G18:AO18,"ATM/ATA")+COUNTIF('12-26'!G19:AO19,"ATM/ATA")+COUNTIF('12-26'!F20:AO20,"ATM/ATA")+COUNTIF('12-26'!F21:AO21,"ATM/ATA")+COUNTIF('12-26'!F22:AO22,"ATM/ATA")+COUNTIF('12-26'!G23:AO23,"ATM/ATA")+COUNTIF('12-26'!G24:AO24,"ATM/ATA")+COUNTIF('12-26'!G25:AO25,"ATM/ATA")+COUNTIF('12-26'!G26:AO26,"ATM/ATA")+COUNTIF('12-26'!G27:AO27,"ATM/ATA")+COUNTIF('12-26'!G28:AO28,"ATM/ATA")+COUNTIF('12-26'!G10:AO10,"ATM")+COUNTIF('12-26'!G9:AO9,"ATM")+COUNTIF('12-26'!G8:AO8,"ATM")+COUNTIF('12-26'!G11:AO11,"ATM")+COUNTIF('12-26'!G12:AO12,"ATM")+COUNTIF('12-26'!G13:AO13,"ATM")+COUNTIF('12-26'!G14:AO14,"ATM")+COUNTIF('12-26'!F15:AO15,"ATM")+COUNTIF('12-26'!G16:AO16,"ATM")+COUNTIF('12-26'!F17:AO17,"ATM")+COUNTIF('12-26'!G18:AO18,"ATM")+COUNTIF('12-26'!G19:AO19,"ATM")+COUNTIF('12-26'!F20:AO20,"ATM")+COUNTIF('12-26'!F21:AO21,"ATM")+COUNTIF('12-26'!F22:AO22,"ATM")+COUNTIF('12-26'!G23:AO23,"ATM")+COUNTIF('12-26'!G24:AO24,"ATM")+COUNTIF('12-26'!G25:AO25,"ATM")+COUNTIF('12-26'!G26:AO26,"ATM")+COUNTIF('12-26'!G27:AO27,"ATM")+COUNTIF('12-26'!G28:AO28,"ATM")+COUNTIF('12-26'!G10:AO10,"ATA")+COUNTIF('12-26'!G9:AO9,"ATA")+COUNTIF('12-26'!G8:AO8,"ATA")+COUNTIF('12-26'!G11:AO11,"ATA")+COUNTIF('12-26'!G12:AO12,"ATA")+COUNTIF('12-26'!G13:AO13,"ATA")+COUNTIF('12-26'!G14:AO14,"ATA")+COUNTIF('12-26'!F15:AO15,"ATA")+COUNTIF('12-26'!G16:AO16,"ATA")+COUNTIF('12-26'!F17:AO17,"ATA")+COUNTIF('12-26'!G18:AO18,"ATA")+COUNTIF('12-26'!G19:AO19,"ATA")+COUNTIF('12-26'!F20:AO20,"ATA")+COUNTIF('12-26'!F21:AO21,"ATA")+COUNTIF('12-26'!F22:AO22,"ATA")+COUNTIF('12-26'!G23:AO23,"ATA")+COUNTIF('12-26'!G24:AO24,"ATA")+COUNTIF('12-26'!G25:AO25,"ATA")+COUNTIF('12-26'!G26:AO26,"ATA")+COUNTIF('12-26'!G27:AO27,"ATA")+COUNTIF('12-26'!G28:AO28,"ATA"),COUNTIF(INDIRECT("'12-26'!G"&VLOOKUP($E$4,$AC$5:$AD$25,2,FALSE())&":AO"&VLOOKUP($E$4,$AC$5:$AD$25,2,FALSE())),"ATM/ATA")+COUNTIF(INDIRECT("'12-26'!G"&VLOOKUP($E$4,$AC$5:$AD$25,2,FALSE())&":AO"&VLOOKUP($E$4,$AC$5:$AD$25,2,FALSE())),"ATM")+COUNTIF(INDIRECT("'12-26'!G"&VLOOKUP($E$4,$AC$5:$AD$25,2,FALSE())&":AO"&VLOOKUP($E$4,$AC$5:$AD$25,2,FALSE())),"ATA")) -> 0 | O11: =SUM(C11:N11) -> 107 | Q11: BAUDET R. | R11: =COUNTIF('01-26'!G11:AO11,"TP")+COUNTIF('02-26'!G11:AO11,"TP")+COUNTIF('03-26'!G11:AO11,"TP")+COUNTIF('04-26'!G11:AO11,"TP")+COUNTIF('05-26'!G11:AO11,"TP")+COUNTIF('06-26'!G11:AO11,"TP")+COUNTIF('07-26'!F11:AO11,"TP")+COUNTIF('08-26'!F11:AO11,"TP")+COUNTIF('09-26'!F11:AO11,"TP")+COUNTIF('10-26'!F11:AO11,"TP")+COUNTIF('11-26'!G11:AO11,"TP")+COUNTIF('12-26'!G11:AO11,"TP") -> 0 | S11: =COUNTIF('01-26'!G11:AO11,"CSE")+COUNTIF('01-26'!G11:AO11,"CSE/RPX")+COUNTIF('01-26'!G11:AO11,"RPX")+COUNTIF('02-26'!G11:AO11,"CSE")+COUNTIF('02-26'!G11:AO11,"CSE/RPX")+COUNTIF('02-26'!G11:AO11,"RPX")+COUNTIF('03-26'!G11:AO11,"CSE")+COUNTIF('03-26'!G11:AO11,"CSE/RPX")+COUNTIF('03-26'!G11:AO11,"RPX")+COUNTIF('04-26'!G11:AO11,"CSE")+COUNTIF('04-26'!G11:AO11,"CSE/RPX")+COUNTIF('04-26'!G11:AO11,"RPX")+COUNTIF('05-26'!G11:AO11,"CSE")+COUNTIF('05-26'!G11:AO11,"CSE/RPX")+COUNTIF('05-26'!G11:AO11,"RPX")+COUNTIF('06-26'!G11:AO11,"CSE")+COUNTIF('06-26'!G11:AO11,"CSE/RPX")+COUNTIF('06-26'!G11:AO11,"RPX")+COUNTIF('07-26'!F11:AO11,"CSE")+COUNTIF('07-26'!F11:AO11,"CSE/RPX")+COUNTIF('07-26'!F11:AO11,"RPX")+COUNTIF('08-26'!F11:AO11,"CSE")+COUNTIF('08-26'!F11:AO11,"CSE/RPX")+COUNTIF('08-26'!F11:AO11,"RPX")+COUNTIF('09-26'!F11:AO11,"CSE")+COUNTIF('09-26'!F11:AO11,"CSE/RPX")+COUNTIF('09-26'!F11:AO11,"RPX")+COUNTIF('10-26'!F11:AO11,"CSE")+COUNTIF('10-26'!F11:AO11,"CSE/RPX")+COUNTIF('10-26'!F11:AO11,"RPX")+COUNTIF('11-26'!G11:AO11,"CSE")+COUNTIF('11-26'!G11:AO11,"CSE/RPX")+COUNTIF('11-26'!G11:AO11,"RPX")+COUNTIF('12-26'!G11:AO11,"CSE")+COUNTIF('12-26'!G11:AO11,"CSE/RPX")+COUNTIF('12-26'!G11:AO11,"RPX") -> 0 | T11: =COUNTIF('01-26'!G11:AO11,"CA/RC")+COUNTIF('01-26'!G11:AO11,"CA")+COUNTIF('02-26'!G11:AO11,"CA/RC")+COUNTIF('02-26'!G11:AO11,"CA")+COUNTIF('03-26'!G11:AO11,"CA/RC")+COUNTIF('03-26'!G11:AO11,"CA")+COUNTIF('04-26'!G11:AO11,"CA/RC")+COUNTIF('04-26'!G11:AO11,"CA")+COUNTIF('05-26'!G11:AO11,"CA/RC")+COUNTIF('05-26'!G11:AO11,"CA")+COUNTIF('06-26'!G11:AO11,"CA/RC")+COUNTIF('06-26'!G11:AO11,"CA")+COUNTIF('07-26'!F11:AO11,"CA/RC")+COUNTIF('07-26'!F11:AO11,"CA")+COUNTIF('08-26'!F11:AO11,"CA/RC")+COUNTIF('08-26'!F11:AO11,"CA")+COUNTIF('09-26'!F11:AO11,"CA/RC")+COUNTIF('09-26'!F11:AO11,"CA")+COUNTIF('10-26'!F11:AO11,"CA/RC")+COUNTIF('10-26'!F11:AO11,"CA")+COUNTIF('11-26'!G11:AO11,"CA/RC")+COUNTIF('11-26'!G11:AO11,"CA")+COUNTIF('12-26'!G11:AO11,"CA/RC")+COUNTIF('12-26'!G11:AO11,"CA") -> 25 | U11: =COUNTIF('01-26'!G11:AO11,"ATM/ATA")+COUNTIF('01-26'!G11:AO11,"ATM")+COUNTIF('01-26'!G11:AO11,"ATA")+COUNTIF('02-26'!G11:AO11,"ATM/ATA")+COUNTIF('02-26'!G11:AO11,"ATM")+COUNTIF('02-26'!G11:AO11,"ATA")+COUNTIF('03-26'!G11:AO11,"ATM/ATA")+COUNTIF('03-26'!G11:AO11,"ATM")+COUNTIF('03-26'!G11:AO11,"ATA")+COUNTIF('04-26'!G11:AO11,"ATM/ATA")+COUNTIF('04-26'!G11:AO11,"ATM")+COUNTIF('04-26'!G11:AO11,"ATA")+COUNTIF('05-26'!G11:AO11,"ATM/ATA")+COUNTIF('05-26'!G11:AO11,"ATM")+COUNTIF('05-26'!G11:AO11,"ATA")+COUNTIF('06-26'!G11:AO11,"ATM/ATA")+COUNTIF('06-26'!G11:AO11,"ATM")+COUNTIF('06-26'!G11:AO11,"ATA")+COUNTIF('07-26'!F11:AO11,"ATM/ATA")+COUNTIF('07-26'!F11:AO11,"ATM")+COUNTIF('07-26'!F11:AO11,"ATA")+COUNTIF('08-26'!F11:AO11,"ATM/ATA")+COUNTIF('08-26'!F11:AO11,"ATM")+COUNTIF('08-26'!F11:AO11,"ATA")+COUNTIF('09-26'!F11:AO11,"ATM/ATA")+COUNTIF('09-26'!F11:AO11,"ATM")+COUNTIF('09-26'!F11:AO11,"ATA")+COUNTIF('10-26'!F11:AO11,"ATM/ATA")+COUNTIF('10-26'!F11:AO11,"ATM")+COUNTIF('10-26'!F11:AO11,"ATA")+COUNTIF('11-26'!G11:AO11,"ATM/ATA")+COUNTIF('11-26'!G11:AO11,"ATM")+COUNTIF('11-26'!G11:AO11,"ATA")+COUNTIF('12-26'!G11:AO11,"ATM/ATA")+COUNTIF('12-26'!G11:AO11,"ATM")+COUNTIF('12-26'!G11:AO11,"ATA") -> 3 | V11: =COUNTIF('01-26'!G11:AO11,"ASA")+COUNTIF('02-26'!G11:AO11,"ASA")+COUNTIF('03-26'!G11:AO11,"ASA")+COUNTIF('04-26'!G11:AO11,"ASA")+COUNTIF('05-26'!G11:AO11,"ASA")+COUNTIF('06-26'!G11:AO11,"ASA")+COUNTIF('07-26'!F11:AO11,"ASA")+COUNTIF('08-26'!F11:AO11,"ASA")+COUNTIF('09-26'!F11:AO11,"ASA")+COUNTIF('10-26'!F11:AO11,"ASA")+COUNTIF('11-26'!G11:AO11,"ASA")+COUNTIF('12-26'!G11:AO11,"ASA") -> 0 | W11: =COUNTIF('01-26'!G11:AO11,"FORM")+COUNTIF('02-26'!G11:AO11,"FORM")+COUNTIF('03-26'!G11:AO11,"FORM")+COUNTIF('04-26'!G11:AO11,"FORM")+COUNTIF('05-26'!G11:AO11,"FORM")+COUNTIF('06-26'!G11:AO11,"FORM")+COUNTIF('07-26'!F11:AO11,"FORM")+COUNTIF('08-26'!F11:AO11,"FORM")+COUNTIF('09-26'!F11:AO11,"FORM")+COUNTIF('10-26'!F11:AO11,"FORM")+COUNTIF('11-26'!G11:AO11,"FORM")+COUNTIF('12-26'!G11:AO11,"FORM") -> 0 | X11: =COUNTIF('01-26'!G11:AO11,"RPM")+COUNTIF('01-26'!G11:AO11,"JPS")+COUNTIF('02-26'!G11:AO11,"RPM")+COUNTIF('02-26'!G11:AO11,"JPS")+COUNTIF('03-26'!G11:AO11,"RPM")+COUNTIF('03-26'!G11:AO11,"JPS")+COUNTIF('04-26'!G11:AO11,"RPM")+COUNTIF('04-26'!G11:AO11,"JPS")+COUNTIF('05-26'!G11:AO11,"RPM")+COUNTIF('05-26'!G11:AO11,"JPS")+COUNTIF('06-26'!G11:AO11,"RPM")+COUNTIF('06-26'!G11:AO11,"JPS")+COUNTIF('07-26'!F11:AO11,"RPM")+COUNTIF('07-26'!F11:AO11,"JPS")+COUNTIF('08-26'!F11:AO11,"RPM")+COUNTIF('08-26'!F11:AO11,"JPS")+COUNTIF('09-26'!F11:AO11,"RPM")+COUNTIF('09-26'!F11:AO11,"JPS")+COUNTIF('10-26'!F11:AO11,"RPM")+COUNTIF('10-26'!F11:AO11,"JPS")+COUNTIF('11-26'!G11:AO11,"RPM")+COUNTIF('11-26'!G11:AO11,"JPS")+COUNTIF('12-26'!G11:AO11,"RPM")+COUNTIF('12-26'!G11:AO11,"JPS") -> 0 | Y11: =SUM(R11:X11) -> 28 | AB11: AUGE N. | AC11: LARRODE P. | AD11: 14
B12: ASA | C12: =IF($E$4="TOUS",COUNTIF('01-26'!G10:AO10,"ASA")+COUNTIF('01-26'!G9:AO9,"ASA")+COUNTIF('01-26'!G8:AO8,"ASA")+COUNTIF('01-26'!G11:AO11,"ASA")+COUNTIF('01-26'!G12:AO12,"ASA")+COUNTIF('01-26'!G13:AO13,"ASA")+COUNTIF('01-26'!F14:AO14,"ASA")+COUNTIF('01-26'!G15:AO15,"ASA")+COUNTIF('01-26'!F16:AO16,"ASA")+COUNTIF('01-26'!F17:AO17,"ASA")+COUNTIF('01-26'!G18:AO18,"ASA")+COUNTIF('01-26'!G19:AO19,"ASA")+COUNTIF('01-26'!F20:AO20,"ASA")+COUNTIF('01-26'!F21:AO21,"ASA")+COUNTIF('01-26'!G22:AO22,"ASA")+COUNTIF('01-26'!G23:AO23,"ASA")+COUNTIF('01-26'!G24:AO24,"ASA")+COUNTIF('01-26'!G25:AO25,"ASA")+COUNTIF('01-26'!G26:AO26,"ASA")+COUNTIF('01-26'!G27:AO27,"ASA")+COUNTIF('01-26'!G28:AO28,"ASA"),COUNTIF(INDIRECT("'01-26'!G"&VLOOKUP($E$4,$AC$5:$AD$25,2,FALSE())&":AO"&VLOOKUP($E$4,$AC$5:$AD$25,2,FALSE())),"ASA")) -> 8 | D12: =IF($E$4="TOUS",COUNTIF('02-26'!G10:AO10,"ASA")+COUNTIF('02-26'!G9:AO9,"ASA")+COUNTIF('02-26'!G8:AO8,"ASA")+COUNTIF('02-26'!G11:AO11,"ASA")+COUNTIF('02-26'!F12:AO12,"ASA")+COUNTIF('02-26'!G13:AO13,"ASA")+COUNTIF('02-26'!G14:AO14,"ASA")+COUNTIF('02-26'!F15:AO15,"ASA")+COUNTIF('02-26'!G16:AO16,"ASA")+COUNTIF('02-26'!F17:AO17,"ASA")+COUNTIF('02-26'!G18:AO18,"ASA")+COUNTIF('02-26'!G19:AO19,"ASA")+COUNTIF('02-26'!F20:AO20,"ASA")+COUNTIF('02-26'!G21:AO21,"ASA")+COUNTIF('02-26'!G22:AO22,"ASA")+COUNTIF('02-26'!G23:AO23,"ASA")+COUNTIF('02-26'!G24:AO24,"ASA")+COUNTIF('02-26'!G25:AO25,"ASA")+COUNTIF('02-26'!G26:AO26,"ASA")+COUNTIF('02-26'!G27:AO27,"ASA")+COUNTIF('02-26'!G28:AO28,"ASA"),COUNTIF(INDIRECT("'02-26'!G"&VLOOKUP($E$4,$AC$5:$AD$25,2,FALSE())&":AO"&VLOOKUP($E$4,$AC$5:$AD$25,2,FALSE())),"ASA")) -> 0 | E12: =IF($E$4="TOUS",COUNTIF('03-26'!G10:AO10,"ASA")+COUNTIF('03-26'!G9:AO9,"ASA")+COUNTIF('03-26'!G8:AO8,"ASA")+COUNTIF('03-26'!G11:AO11,"ASA")+COUNTIF('03-26'!F12:AO12,"ASA")+COUNTIF('03-26'!G13:AO13,"ASA")+COUNTIF('03-26'!G14:AO14,"ASA")+COUNTIF('03-26'!F15:AO15,"ASA")+COUNTIF('03-26'!F16:AO16,"ASA")+COUNTIF('03-26'!F17:AO17,"ASA")+COUNTIF('03-26'!F18:AO18,"ASA")+COUNTIF('03-26'!G19:AO19,"ASA")+COUNTIF('03-26'!G20:AO20,"ASA")+COUNTIF('03-26'!G21:AO21,"ASA")+COUNTIF('03-26'!F22:AO22,"ASA")+COUNTIF('03-26'!G23:AO23,"ASA")+COUNTIF('03-26'!G24:AO24,"ASA")+COUNTIF('03-26'!G25:AO25,"ASA")+COUNTIF('03-26'!G26:AO26,"ASA")+COUNTIF('03-26'!G27:AO27,"ASA")+COUNTIF('03-26'!G28:AO28,"ASA"),COUNTIF(INDIRECT("'03-26'!G"&VLOOKUP($E$4,$AC$5:$AD$25,2,FALSE())&":AO"&VLOOKUP($E$4,$AC$5:$AD$25,2,FALSE())),"ASA")) -> 3 | F12: =IF($E$4="TOUS",COUNTIF('04-26'!G10:AO10,"ASA")+COUNTIF('04-26'!G9:AO9,"ASA")+COUNTIF('04-26'!G8:AO8,"ASA")+COUNTIF('04-26'!G11:AO11,"ASA")+COUNTIF('04-26'!F12:AO12,"ASA")+COUNTIF('04-26'!G13:AO13,"ASA")+COUNTIF('04-26'!F14:AO14,"ASA")+COUNTIF('04-26'!G15:AO15,"ASA")+COUNTIF('04-26'!G16:AO16,"ASA")+COUNTIF('04-26'!G17:AO17,"ASA")+COUNTIF('04-26'!G18:AO18,"ASA")+COUNTIF('04-26'!G19:AO19,"ASA")+COUNTIF('04-26'!G20:AO20,"ASA")+COUNTIF('04-26'!G21:AO21,"ASA")+COUNTIF('04-26'!G22:AO22,"ASA")+COUNTIF('04-26'!G23:AO23,"ASA")+COUNTIF('04-26'!G24:AO24,"ASA")+COUNTIF('04-26'!G25:AO25,"ASA")+COUNTIF('04-26'!G26:AO26,"ASA")+COUNTIF('04-26'!G27:AO27,"ASA")+COUNTIF('04-26'!G28:AO28,"ASA"),COUNTIF(INDIRECT("'04-26'!G"&VLOOKUP($E$4,$AC$5:$AD$25,2,FALSE())&":AO"&VLOOKUP($E$4,$AC$5:$AD$25,2,FALSE())),"ASA")) -> 0 | G12: =IF($E$4="TOUS",COUNTIF('05-26'!G10:AO10,"ASA")+COUNTIF('05-26'!G9:AO9,"ASA")+COUNTIF('05-26'!G8:AO8,"ASA")+COUNTIF('05-26'!G11:AO11,"ASA")+COUNTIF('05-26'!F12:AO12,"ASA")+COUNTIF('05-26'!G13:AO13,"ASA")+COUNTIF('05-26'!F14:AO14,"ASA")+COUNTIF('05-26'!F15:AO15,"ASA")+COUNTIF('05-26'!G16:AO16,"ASA")+COUNTIF('05-26'!F17:AO17,"ASA")+COUNTIF('05-26'!G18:AO18,"ASA")+COUNTIF('05-26'!G19:AO19,"ASA")+COUNTIF('05-26'!G20:AO20,"ASA")+COUNTIF('05-26'!F21:AO21,"ASA")+COUNTIF('05-26'!F22:AO22,"ASA")+COUNTIF('05-26'!G23:AO23,"ASA")+COUNTIF('05-26'!G24:AO24,"ASA")+COUNTIF('05-26'!G25:AO25,"ASA")+COUNTIF('05-26'!G26:AO26,"ASA")+COUNTIF('05-26'!G27:AO27,"ASA")+COUNTIF('05-26'!G28:AO28,"ASA"),COUNTIF(INDIRECT("'05-26'!G"&VLOOKUP($E$4,$AC$5:$AD$25,2,FALSE())&":AO"&VLOOKUP($E$4,$AC$5:$AD$25,2,FALSE())),"ASA")) -> 0 | H12: =IF($E$4="TOUS",COUNTIF('06-26'!G10:AO10,"ASA")+COUNTIF('06-26'!G9:AO9,"ASA")+COUNTIF('06-26'!G8:AO8,"ASA")+COUNTIF('06-26'!G11:AO11,"ASA")+COUNTIF('06-26'!F12:AO12,"ASA")+COUNTIF('06-26'!G13:AO13,"ASA")+COUNTIF('06-26'!F14:AO14,"ASA")+COUNTIF('06-26'!F15:AO15,"ASA")+COUNTIF('06-26'!F16:AO16,"ASA")+COUNTIF('06-26'!F17:AO17,"ASA")+COUNTIF('06-26'!G18:AO18,"ASA")+COUNTIF('06-26'!G19:AO19,"ASA")+COUNTIF('06-26'!G20:AO20,"ASA")+COUNTIF('06-26'!F21:AO21,"ASA")+COUNTIF('06-26'!F22:AO22,"ASA")+COUNTIF('06-26'!G23:AO23,"ASA")+COUNTIF('06-26'!G24:AO24,"ASA")+COUNTIF('06-26'!G25:AO25,"ASA")+COUNTIF('06-26'!G26:AO26,"ASA")+COUNTIF('06-26'!G27:AO27,"ASA")+COUNTIF('06-26'!G28:AO28,"ASA"),COUNTIF(INDIRECT("'06-26'!G"&VLOOKUP($E$4,$AC$5:$AD$25,2,FALSE())&":AO"&VLOOKUP($E$4,$AC$5:$AD$25,2,FALSE())),"ASA")) -> 0 | I12: =IF($E$4="TOUS",COUNTIF('07-26'!G10:AO10,"ASA")+COUNTIF('07-26'!G9:AO9,"ASA")+COUNTIF('07-26'!G8:AO8,"ASA")+COUNTIF('07-26'!F11:AO11,"ASA")+COUNTIF('07-26'!G12:AO12,"ASA")+COUNTIF('07-26'!G13:AO13,"ASA")+COUNTIF('07-26'!F14:AO14,"ASA")+COUNTIF('07-26'!F15:AO15,"ASA")+COUNTIF('07-26'!G16:AO16,"ASA")+COUNTIF('07-26'!G17:AO17,"ASA")+COUNTIF('07-26'!G18:AO18,"ASA")+COUNTIF('07-26'!G19:AO19,"ASA")+COUNTIF('07-26'!F20:AO20,"ASA")+COUNTIF('07-26'!F21:AO21,"ASA")+COUNTIF('07-26'!F22:AO22,"ASA")+COUNTIF('07-26'!G23:AO23,"ASA")+COUNTIF('07-26'!G24:AO24,"ASA")+COUNTIF('07-26'!G25:AO25,"ASA")+COUNTIF('07-26'!G26:AO26,"ASA")+COUNTIF('07-26'!G27:AO27,"ASA")+COUNTIF('07-26'!G28:AO28,"ASA"),COUNTIF(INDIRECT("'07-26'!G"&VLOOKUP($E$4,$AC$5:$AD$25,2,FALSE())&":AO"&VLOOKUP($E$4,$AC$5:$AD$25,2,FALSE())),"ASA")) -> 0 | J12: =IF($E$4="TOUS",COUNTIF('08-26'!G10:AO10,"ASA")+COUNTIF('08-26'!G9:AO9,"ASA")+COUNTIF('08-26'!G8:AO8,"ASA")+COUNTIF('08-26'!F11:AO11,"ASA")+COUNTIF('08-26'!F12:AO12,"ASA")+COUNTIF('08-26'!F13:AO13,"ASA")+COUNTIF('08-26'!F14:AO14,"ASA")+COUNTIF('08-26'!F15:AO15,"ASA")+COUNTIF('08-26'!G16:AO16,"ASA")+COUNTIF('08-26'!F17:AO17,"ASA")+COUNTIF('08-26'!G18:AO18,"ASA")+COUNTIF('08-26'!F19:AO19,"ASA")+COUNTIF('08-26'!F20:AO20,"ASA")+COUNTIF('08-26'!G21:AO21,"ASA")+COUNTIF('08-26'!F22:AO22,"ASA")+COUNTIF('08-26'!G23:AO23,"ASA")+COUNTIF('08-26'!G24:AO24,"ASA")+COUNTIF('08-26'!G25:AO25,"ASA")+COUNTIF('08-26'!G26:AO26,"ASA")+COUNTIF('08-26'!G27:AO27,"ASA")+COUNTIF('08-26'!G28:AO28,"ASA"),COUNTIF(INDIRECT("'08-26'!G"&VLOOKUP($E$4,$AC$5:$AD$25,2,FALSE())&":AO"&VLOOKUP($E$4,$AC$5:$AD$25,2,FALSE())),"ASA")) -> 0 | K12: =IF($E$4="TOUS",COUNTIF('09-26'!G10:AO10,"ASA")+COUNTIF('09-26'!G9:AO9,"ASA")+COUNTIF('09-26'!G8:AO8,"ASA")+COUNTIF('09-26'!F11:AO11,"ASA")+COUNTIF('09-26'!F12:AO12,"ASA")+COUNTIF('09-26'!G13:AO13,"ASA")+COUNTIF('09-26'!G14:AO14,"ASA")+COUNTIF('09-26'!F15:AO15,"ASA")+COUNTIF('09-26'!F16:AO16,"ASA")+COUNTIF('09-26'!F17:AO17,"ASA")+COUNTIF('09-26'!F18:AO18,"ASA")+COUNTIF('09-26'!G19:AO19,"ASA")+COUNTIF('09-26'!G20:AO20,"ASA")+COUNTIF('09-26'!F21:AO21,"ASA")+COUNTIF('09-26'!G22:AO22,"ASA")+COUNTIF('09-26'!G23:AO23,"ASA")+COUNTIF('09-26'!G24:AO24,"ASA")+COUNTIF('09-26'!G25:AO25,"ASA")+COUNTIF('09-26'!G26:AO26,"ASA")+COUNTIF('09-26'!G27:AO27,"ASA")+COUNTIF('09-26'!G28:AO28,"ASA"),COUNTIF(INDIRECT("'09-26'!G"&VLOOKUP($E$4,$AC$5:$AD$25,2,FALSE())&":AO"&VLOOKUP($E$4,$AC$5:$AD$25,2,FALSE())),"ASA")) -> 0 | L12: =IF($E$4="TOUS",COUNTIF('10-26'!G10:AO10,"ASA")+COUNTIF('10-26'!G9:AO9,"ASA")+COUNTIF('10-26'!G8:AO8,"ASA")+COUNTIF('10-26'!F11:AO11,"ASA")+COUNTIF('10-26'!F12:AO12,"ASA")+COUNTIF('10-26'!G13:AO13,"ASA")+COUNTIF('10-26'!F14:AO14,"ASA")+COUNTIF('10-26'!F15:AO15,"ASA")+COUNTIF('10-26'!F16:AO16,"ASA")+COUNTIF('10-26'!F17:AO17,"ASA")+COUNTIF('10-26'!G18:AO18,"ASA")+COUNTIF('10-26'!G19:AO19,"ASA")+COUNTIF('10-26'!F20:AO20,"ASA")+COUNTIF('10-26'!G21:AO21,"ASA")+COUNTIF('10-26'!G22:AO22,"ASA")+COUNTIF('10-26'!F23:AO23,"ASA")+COUNTIF('10-26'!G24:AO24,"ASA")+COUNTIF('10-26'!G25:AO25,"ASA")+COUNTIF('10-26'!G26:AO26,"ASA")+COUNTIF('10-26'!G27:AO27,"ASA")+COUNTIF('10-26'!G28:AO28,"ASA"),COUNTIF(INDIRECT("'10-26'!G"&VLOOKUP($E$4,$AC$5:$AD$25,2,FALSE())&":AO"&VLOOKUP($E$4,$AC$5:$AD$25,2,FALSE())),"ASA")) -> 0 | M12: =IF($E$4="TOUS",COUNTIF('11-26'!G10:AO10,"ASA")+COUNTIF('11-26'!G9:AO9,"ASA")+COUNTIF('11-26'!G8:AO8,"ASA")+COUNTIF('11-26'!G11:AO11,"ASA")+COUNTIF('11-26'!F12:AO12,"ASA")+COUNTIF('11-26'!G13:AO13,"ASA")+COUNTIF('11-26'!F14:AO14,"ASA")+COUNTIF('11-26'!F15:AO15,"ASA")+COUNTIF('11-26'!G16:AO16,"ASA")+COUNTIF('11-26'!G17:AO17,"ASA")+COUNTIF('11-26'!G18:AO18,"ASA")+COUNTIF('11-26'!G19:AO19,"ASA")+COUNTIF('11-26'!F20:AO20,"ASA")+COUNTIF('11-26'!F21:AO21,"ASA")+COUNTIF('11-26'!F22:AO22,"ASA")+COUNTIF('11-26'!G23:AO23,"ASA")+COUNTIF('11-26'!G24:AO24,"ASA")+COUNTIF('11-26'!G25:AO25,"ASA")+COUNTIF('11-26'!G26:AO26,"ASA")+COUNTIF('11-26'!G27:AO27,"ASA")+COUNTIF('11-26'!G28:AO28,"ASA"),COUNTIF(INDIRECT("'11-26'!G"&VLOOKUP($E$4,$AC$5:$AD$25,2,FALSE())&":AO"&VLOOKUP($E$4,$AC$5:$AD$25,2,FALSE())),"ASA")) -> 0 | N12: =IF($E$4="TOUS",COUNTIF('12-26'!G10:AO10,"ASA")+COUNTIF('12-26'!G9:AO9,"ASA")+COUNTIF('12-26'!G8:AO8,"ASA")+COUNTIF('12-26'!G11:AO11,"ASA")+COUNTIF('12-26'!G12:AO12,"ASA")+COUNTIF('12-26'!G13:AO13,"ASA")+COUNTIF('12-26'!G14:AO14,"ASA")+COUNTIF('12-26'!F15:AO15,"ASA")+COUNTIF('12-26'!G16:AO16,"ASA")+COUNTIF('12-26'!F17:AO17,"ASA")+COUNTIF('12-26'!G18:AO18,"ASA")+COUNTIF('12-26'!G19:AO19,"ASA")+COUNTIF('12-26'!F20:AO20,"ASA")+COUNTIF('12-26'!F21:AO21,"ASA")+COUNTIF('12-26'!F22:AO22,"ASA")+COUNTIF('12-26'!G23:AO23,"ASA")+COUNTIF('12-26'!G24:AO24,"ASA")+COUNTIF('12-26'!G25:AO25,"ASA")+COUNTIF('12-26'!G26:AO26,"ASA")+COUNTIF('12-26'!G27:AO27,"ASA")+COUNTIF('12-26'!G28:AO28,"ASA"),COUNTIF(INDIRECT("'12-26'!G"&VLOOKUP($E$4,$AC$5:$AD$25,2,FALSE())&":AO"&VLOOKUP($E$4,$AC$5:$AD$25,2,FALSE())),"ASA")) -> 0 | O12: =SUM(C12:N12) -> 11 | Q12: LALANNE P. | R12: =COUNTIF('01-26'!G12:AO12,"TP")+COUNTIF('02-26'!F12:AO12,"TP")+COUNTIF('03-26'!F12:AO12,"TP")+COUNTIF('04-26'!F12:AO12,"TP")+COUNTIF('05-26'!F12:AO12,"TP")+COUNTIF('06-26'!F12:AO12,"TP")+COUNTIF('07-26'!G12:AO12,"TP")+COUNTIF('08-26'!F12:AO12,"TP")+COUNTIF('09-26'!F12:AO12,"TP")+COUNTIF('10-26'!F12:AO12,"TP")+COUNTIF('11-26'!F12:AO12,"TP")+COUNTIF('12-26'!G12:AO12,"TP") -> 0 | S12: =COUNTIF('01-26'!G12:AO12,"CSE")+COUNTIF('01-26'!G12:AO12,"CSE/RPX")+COUNTIF('01-26'!G12:AO12,"RPX")+COUNTIF('02-26'!F12:AO12,"CSE")+COUNTIF('02-26'!F12:AO12,"CSE/RPX")+COUNTIF('02-26'!F12:AO12,"RPX")+COUNTIF('03-26'!F12:AO12,"CSE")+COUNTIF('03-26'!F12:AO12,"CSE/RPX")+COUNTIF('03-26'!F12:AO12,"RPX")+COUNTIF('04-26'!F12:AO12,"CSE")+COUNTIF('04-26'!F12:AO12,"CSE/RPX")+COUNTIF('04-26'!F12:AO12,"RPX")+COUNTIF('05-26'!F12:AO12,"CSE")+COUNTIF('05-26'!F12:AO12,"CSE/RPX")+COUNTIF('05-26'!F12:AO12,"RPX")+COUNTIF('06-26'!F12:AO12,"CSE")+COUNTIF('06-26'!F12:AO12,"CSE/RPX")+COUNTIF('06-26'!F12:AO12,"RPX")+COUNTIF('07-26'!G12:AO12,"CSE")+COUNTIF('07-26'!G12:AO12,"CSE/RPX")+COUNTIF('07-26'!G12:AO12,"RPX")+COUNTIF('08-26'!F12:AO12,"CSE")+COUNTIF('08-26'!F12:AO12,"CSE/RPX")+COUNTIF('08-26'!F12:AO12,"RPX")+COUNTIF('09-26'!F12:AO12,"CSE")+COUNTIF('09-26'!F12:AO12,"CSE/RPX")+COUNTIF('09-26'!F12:AO12,"RPX")+COUNTIF('10-26'!F12:AO12,"CSE")+COUNTIF('10-26'!F12:AO12,"CSE/RPX")+COUNTIF('10-26'!F12:AO12,"RPX")+COUNTIF('11-26'!F12:AO12,"CSE")+COUNTIF('11-26'!F12:AO12,"CSE/RPX")+COUNTIF('11-26'!F12:AO12,"RPX")+COUNTIF('12-26'!G12:AO12,"CSE")+COUNTIF('12-26'!G12:AO12,"CSE/RPX")+COUNTIF('12-26'!G12:AO12,"RPX") -> 0 | T12: =COUNTIF('01-26'!G12:AO12,"CA/RC")+COUNTIF('01-26'!G12:AO12,"CA")+COUNTIF('02-26'!F12:AO12,"CA/RC")+COUNTIF('02-26'!F12:AO12,"CA")+COUNTIF('03-26'!F12:AO12,"CA/RC")+COUNTIF('03-26'!F12:AO12,"CA")+COUNTIF('04-26'!F12:AO12,"CA/RC")+COUNTIF('04-26'!F12:AO12,"CA")+COUNTIF('05-26'!F12:AO12,"CA/RC")+COUNTIF('05-26'!F12:AO12,"CA")+COUNTIF('06-26'!F12:AO12,"CA/RC")+COUNTIF('06-26'!F12:AO12,"CA")+COUNTIF('07-26'!G12:AO12,"CA/RC")+COUNTIF('07-26'!G12:AO12,"CA")+COUNTIF('08-26'!F12:AO12,"CA/RC")+COUNTIF('08-26'!F12:AO12,"CA")+COUNTIF('09-26'!F12:AO12,"CA/RC")+COUNTIF('09-26'!F12:AO12,"CA")+COUNTIF('10-26'!F12:AO12,"CA/RC")+COUNTIF('10-26'!F12:AO12,"CA")+COUNTIF('11-26'!F12:AO12,"CA/RC")+COUNTIF('11-26'!F12:AO12,"CA")+COUNTIF('12-26'!G12:AO12,"CA/RC")+COUNTIF('12-26'!G12:AO12,"CA") -> 4 | U12: =COUNTIF('01-26'!G12:AO12,"ATM/ATA")+COUNTIF('01-26'!G12:AO12,"ATM")+COUNTIF('01-26'!G12:AO12,"ATA")+COUNTIF('02-26'!G12:AO12,"ATM/ATA")+COUNTIF('02-26'!G12:AO12,"ATM")+COUNTIF('02-26'!G12:AO12,"ATA")+COUNTIF('03-26'!G12:AO12,"ATM/ATA")+COUNTIF('03-26'!G12:AO12,"ATM")+COUNTIF('03-26'!G12:AO12,"ATA")+COUNTIF('04-26'!G12:AO12,"ATM/ATA")+COUNTIF('04-26'!G12:AO12,"ATM")+COUNTIF('04-26'!G12:AO12,"ATA")+COUNTIF('05-26'!G12:AO12,"ATM/ATA")+COUNTIF('05-26'!G12:AO12,"ATM")+COUNTIF('05-26'!G12:AO12,"ATA")+COUNTIF('06-26'!G12:AO12,"ATM/ATA")+COUNTIF('06-26'!G12:AO12,"ATM")+COUNTIF('06-26'!G12:AO12,"ATA")+COUNTIF('07-26'!F12:AO12,"ATM/ATA")+COUNTIF('07-26'!F12:AO12,"ATM")+COUNTIF('07-26'!F12:AO12,"ATA")+COUNTIF('08-26'!F12:AO12,"ATM/ATA")+COUNTIF('08-26'!F12:AO12,"ATM")+COUNTIF('08-26'!F12:AO12,"ATA")+COUNTIF('09-26'!F12:AO12,"ATM/ATA")+COUNTIF('09-26'!F12:AO12,"ATM")+COUNTIF('09-26'!F12:AO12,"ATA")+COUNTIF('10-26'!F12:AO12,"ATM/ATA")+COUNTIF('10-26'!F12:AO12,"ATM")+COUNTIF('10-26'!F12:AO12,"ATA")+COUNTIF('11-26'!G12:AO12,"ATM/ATA")+COUNTIF('11-26'!G12:AO12,"ATM")+COUNTIF('11-26'!G12:AO12,"ATA")+COUNTIF('12-26'!G12:AO12,"ATM/ATA")+COUNTIF('12-26'!G12:AO12,"ATM")+COUNTIF('12-26'!G12:AO12,"ATA") -> 15 | V12: =COUNTIF('01-26'!G12:AO12,"ASA")+COUNTIF('02-26'!G12:AO12,"ASA")+COUNTIF('03-26'!G12:AO12,"ASA")+COUNTIF('04-26'!G12:AO12,"ASA")+COUNTIF('05-26'!G12:AO12,"ASA")+COUNTIF('06-26'!G12:AO12,"ASA")+COUNTIF('07-26'!F12:AO12,"ASA")+COUNTIF('08-26'!F12:AO12,"ASA")+COUNTIF('09-26'!F12:AO12,"ASA")+COUNTIF('10-26'!F12:AO12,"ASA")+COUNTIF('11-26'!G12:AO12,"ASA")+COUNTIF('12-26'!G12:AO12,"ASA") -> 0 | W12: =COUNTIF('01-26'!G12:AO12,"FORM")+COUNTIF('02-26'!G12:AO12,"FORM")+COUNTIF('03-26'!G12:AO12,"FORM")+COUNTIF('04-26'!G12:AO12,"FORM")+COUNTIF('05-26'!G12:AO12,"FORM")+COUNTIF('06-26'!G12:AO12,"FORM")+COUNTIF('07-26'!F12:AO12,"FORM")+COUNTIF('08-26'!F12:AO12,"FORM")+COUNTIF('09-26'!F12:AO12,"FORM")+COUNTIF('10-26'!F12:AO12,"FORM")+COUNTIF('11-26'!G12:AO12,"FORM")+COUNTIF('12-26'!G12:AO12,"FORM") -> 0 | X12: =COUNTIF('01-26'!G12:AO12,"RPM")+COUNTIF('01-26'!G12:AO12,"JPS")+COUNTIF('02-26'!G12:AO12,"RPM")+COUNTIF('02-26'!G12:AO12,"JPS")+COUNTIF('03-26'!G12:AO12,"RPM")+COUNTIF('03-26'!G12:AO12,"JPS")+COUNTIF('04-26'!G12:AO12,"RPM")+COUNTIF('04-26'!G12:AO12,"JPS")+COUNTIF('05-26'!G12:AO12,"RPM")+COUNTIF('05-26'!G12:AO12,"JPS")+COUNTIF('06-26'!G12:AO12,"RPM")+COUNTIF('06-26'!G12:AO12,"JPS")+COUNTIF('07-26'!F12:AO12,"RPM")+COUNTIF('07-26'!F12:AO12,"JPS")+COUNTIF('08-26'!F12:AO12,"RPM")+COUNTIF('08-26'!F12:AO12,"JPS")+COUNTIF('09-26'!F12:AO12,"RPM")+COUNTIF('09-26'!F12:AO12,"JPS")+COUNTIF('10-26'!F12:AO12,"RPM")+COUNTIF('10-26'!F12:AO12,"JPS")+COUNTIF('11-26'!G12:AO12,"RPM")+COUNTIF('11-26'!G12:AO12,"JPS")+COUNTIF('12-26'!G12:AO12,"RPM")+COUNTIF('12-26'!G12:AO12,"JPS") -> 0 | Y12: =SUM(R12:X12) -> 19 | AB12: LARRODE P. | AC12: FELIS K. | AD12: 15
B13: FORM | C13: =IF($E$4="TOUS",COUNTIF('01-26'!G10:AO10,"FORM")+COUNTIF('01-26'!G9:AO9,"FORM")+COUNTIF('01-26'!G8:AO8,"FORM")+COUNTIF('01-26'!G11:AO11,"FORM")+COUNTIF('01-26'!G12:AO12,"FORM")+COUNTIF('01-26'!G13:AO13,"FORM")+COUNTIF('01-26'!F14:AO14,"FORM")+COUNTIF('01-26'!G15:AO15,"FORM")+COUNTIF('01-26'!F16:AO16,"FORM")+COUNTIF('01-26'!F17:AO17,"FORM")+COUNTIF('01-26'!G18:AO18,"FORM")+COUNTIF('01-26'!G19:AO19,"FORM")+COUNTIF('01-26'!F20:AO20,"FORM")+COUNTIF('01-26'!F21:AO21,"FORM")+COUNTIF('01-26'!G22:AO22,"FORM")+COUNTIF('01-26'!G23:AO23,"FORM")+COUNTIF('01-26'!G24:AO24,"FORM")+COUNTIF('01-26'!G25:AO25,"FORM")+COUNTIF('01-26'!G26:AO26,"FORM")+COUNTIF('01-26'!G27:AO27,"FORM")+COUNTIF('01-26'!G28:AO28,"FORM"),COUNTIF(INDIRECT("'01-26'!G"&VLOOKUP($E$4,$AC$5:$AD$25,2,FALSE())&":AO"&VLOOKUP($E$4,$AC$5:$AD$25,2,FALSE())),"FORM")) -> 18 | D13: =IF($E$4="TOUS",COUNTIF('02-26'!G10:AO10,"FORM")+COUNTIF('02-26'!G9:AO9,"FORM")+COUNTIF('02-26'!G8:AO8,"FORM")+COUNTIF('02-26'!G11:AO11,"FORM")+COUNTIF('02-26'!F12:AO12,"FORM")+COUNTIF('02-26'!G13:AO13,"FORM")+COUNTIF('02-26'!G14:AO14,"FORM")+COUNTIF('02-26'!F15:AO15,"FORM")+COUNTIF('02-26'!G16:AO16,"FORM")+COUNTIF('02-26'!F17:AO17,"FORM")+COUNTIF('02-26'!G18:AO18,"FORM")+COUNTIF('02-26'!G19:AO19,"FORM")+COUNTIF('02-26'!F20:AO20,"FORM")+COUNTIF('02-26'!G21:AO21,"FORM")+COUNTIF('02-26'!G22:AO22,"FORM")+COUNTIF('02-26'!G23:AO23,"FORM")+COUNTIF('02-26'!G24:AO24,"FORM")+COUNTIF('02-26'!G25:AO25,"FORM")+COUNTIF('02-26'!G26:AO26,"FORM")+COUNTIF('02-26'!G27:AO27,"FORM")+COUNTIF('02-26'!G28:AO28,"FORM"),COUNTIF(INDIRECT("'02-26'!G"&VLOOKUP($E$4,$AC$5:$AD$25,2,FALSE())&":AO"&VLOOKUP($E$4,$AC$5:$AD$25,2,FALSE())),"FORM")) -> 20 | E13: =IF($E$4="TOUS",COUNTIF('03-26'!G10:AO10,"FORM")+COUNTIF('03-26'!G9:AO9,"FORM")+COUNTIF('03-26'!G8:AO8,"FORM")+COUNTIF('03-26'!G11:AO11,"FORM")+COUNTIF('03-26'!F12:AO12,"FORM")+COUNTIF('03-26'!G13:AO13,"FORM")+COUNTIF('03-26'!G14:AO14,"FORM")+COUNTIF('03-26'!F15:AO15,"FORM")+COUNTIF('03-26'!F16:AO16,"FORM")+COUNTIF('03-26'!F17:AO17,"FORM")+COUNTIF('03-26'!F18:AO18,"FORM")+COUNTIF('03-26'!G19:AO19,"FORM")+COUNTIF('03-26'!G20:AO20,"FORM")+COUNTIF('03-26'!G21:AO21,"FORM")+COUNTIF('03-26'!F22:AO22,"FORM")+COUNTIF('03-26'!G23:AO23,"FORM")+COUNTIF('03-26'!G24:AO24,"FORM")+COUNTIF('03-26'!G25:AO25,"FORM")+COUNTIF('03-26'!G26:AO26,"FORM")+COUNTIF('03-26'!G27:AO27,"FORM")+COUNTIF('03-26'!G28:AO28,"FORM"),COUNTIF(INDIRECT("'03-26'!G"&VLOOKUP($E$4,$AC$5:$AD$25,2,FALSE())&":AO"&VLOOKUP($E$4,$AC$5:$AD$25,2,FALSE())),"FORM")) -> 4 | F13: =IF($E$4="TOUS",COUNTIF('04-26'!G10:AO10,"FORM")+COUNTIF('04-26'!G9:AO9,"FORM")+COUNTIF('04-26'!G8:AO8,"FORM")+COUNTIF('04-26'!G11:AO11,"FORM")+COUNTIF('04-26'!F12:AO12,"FORM")+COUNTIF('04-26'!G13:AO13,"FORM")+COUNTIF('04-26'!F14:AO14,"FORM")+COUNTIF('04-26'!G15:AO15,"FORM")+COUNTIF('04-26'!G16:AO16,"FORM")+COUNTIF('04-26'!G17:AO17,"FORM")+COUNTIF('04-26'!G18:AO18,"FORM")+COUNTIF('04-26'!G19:AO19,"FORM")+COUNTIF('04-26'!G20:AO20,"FORM")+COUNTIF('04-26'!G21:AO21,"FORM")+COUNTIF('04-26'!G22:AO22,"FORM")+COUNTIF('04-26'!G23:AO23,"FORM")+COUNTIF('04-26'!G24:AO24,"FORM")+COUNTIF('04-26'!G25:AO25,"FORM")+COUNTIF('04-26'!G26:AO26,"FORM")+COUNTIF('04-26'!G27:AO27,"FORM")+COUNTIF('04-26'!G28:AO28,"FORM"),COUNTIF(INDIRECT("'04-26'!G"&VLOOKUP($E$4,$AC$5:$AD$25,2,FALSE())&":AO"&VLOOKUP($E$4,$AC$5:$AD$25,2,FALSE())),"FORM")) -> 1 | G13: =IF($E$4="TOUS",COUNTIF('05-26'!G10:AO10,"FORM")+COUNTIF('05-26'!G9:AO9,"FORM")+COUNTIF('05-26'!G8:AO8,"FORM")+COUNTIF('05-26'!G11:AO11,"FORM")+COUNTIF('05-26'!F12:AO12,"FORM")+COUNTIF('05-26'!G13:AO13,"FORM")+COUNTIF('05-26'!F14:AO14,"FORM")+COUNTIF('05-26'!F15:AO15,"FORM")+COUNTIF('05-26'!G16:AO16,"FORM")+COUNTIF('05-26'!F17:AO17,"FORM")+COUNTIF('05-26'!G18:AO18,"FORM")+COUNTIF('05-26'!G19:AO19,"FORM")+COUNTIF('05-26'!G20:AO20,"FORM")+COUNTIF('05-26'!F21:AO21,"FORM")+COUNTIF('05-26'!F22:AO22,"FORM")+COUNTIF('05-26'!G23:AO23,"FORM")+COUNTIF('05-26'!G24:AO24,"FORM")+COUNTIF('05-26'!G25:AO25,"FORM")+COUNTIF('05-26'!G26:AO26,"FORM")+COUNTIF('05-26'!G27:AO27,"FORM")+COUNTIF('05-26'!G28:AO28,"FORM"),COUNTIF(INDIRECT("'05-26'!G"&VLOOKUP($E$4,$AC$5:$AD$25,2,FALSE())&":AO"&VLOOKUP($E$4,$AC$5:$AD$25,2,FALSE())),"FORM")) -> 0 | H13: =IF($E$4="TOUS",COUNTIF('06-26'!G10:AO10,"FORM")+COUNTIF('06-26'!G9:AO9,"FORM")+COUNTIF('06-26'!G8:AO8,"FORM")+COUNTIF('06-26'!G11:AO11,"FORM")+COUNTIF('06-26'!F12:AO12,"FORM")+COUNTIF('06-26'!G13:AO13,"FORM")+COUNTIF('06-26'!F14:AO14,"FORM")+COUNTIF('06-26'!F15:AO15,"FORM")+COUNTIF('06-26'!F16:AO16,"FORM")+COUNTIF('06-26'!F17:AO17,"FORM")+COUNTIF('06-26'!G18:AO18,"FORM")+COUNTIF('06-26'!G19:AO19,"FORM")+COUNTIF('06-26'!G20:AO20,"FORM")+COUNTIF('06-26'!F21:AO21,"FORM")+COUNTIF('06-26'!F22:AO22,"FORM")+COUNTIF('06-26'!G23:AO23,"FORM")+COUNTIF('06-26'!G24:AO24,"FORM")+COUNTIF('06-26'!G25:AO25,"FORM")+COUNTIF('06-26'!G26:AO26,"FORM")+COUNTIF('06-26'!G27:AO27,"FORM")+COUNTIF('06-26'!G28:AO28,"FORM"),COUNTIF(INDIRECT("'06-26'!G"&VLOOKUP($E$4,$AC$5:$AD$25,2,FALSE())&":AO"&VLOOKUP($E$4,$AC$5:$AD$25,2,FALSE())),"FORM")) -> 0 | I13: =IF($E$4="TOUS",COUNTIF('07-26'!G10:AO10,"FORM")+COUNTIF('07-26'!G9:AO9,"FORM")+COUNTIF('07-26'!G8:AO8,"FORM")+COUNTIF('07-26'!F11:AO11,"FORM")+COUNTIF('07-26'!G12:AO12,"FORM")+COUNTIF('07-26'!G13:AO13,"FORM")+COUNTIF('07-26'!F14:AO14,"FORM")+COUNTIF('07-26'!F15:AO15,"FORM")+COUNTIF('07-26'!G16:AO16,"FORM")+COUNTIF('07-26'!G17:AO17,"FORM")+COUNTIF('07-26'!G18:AO18,"FORM")+COUNTIF('07-26'!G19:AO19,"FORM")+COUNTIF('07-26'!F20:AO20,"FORM")+COUNTIF('07-26'!F21:AO21,"FORM")+COUNTIF('07-26'!F22:AO22,"FORM")+COUNTIF('07-26'!G23:AO23,"FORM")+COUNTIF('07-26'!G24:AO24,"FORM")+COUNTIF('07-26'!G25:AO25,"FORM")+COUNTIF('07-26'!G26:AO26,"FORM")+COUNTIF('07-26'!G27:AO27,"FORM")+COUNTIF('07-26'!G28:AO28,"FORM"),COUNTIF(INDIRECT("'07-26'!G"&VLOOKUP($E$4,$AC$5:$AD$25,2,FALSE())&":AO"&VLOOKUP($E$4,$AC$5:$AD$25,2,FALSE())),"FORM")) -> 0 | J13: =IF($E$4="TOUS",COUNTIF('08-26'!G10:AO10,"FORM")+COUNTIF('08-26'!G9:AO9,"FORM")+COUNTIF('08-26'!G8:AO8,"FORM")+COUNTIF('08-26'!F11:AO11,"FORM")+COUNTIF('08-26'!F12:AO12,"FORM")+COUNTIF('08-26'!F13:AO13,"FORM")+COUNTIF('08-26'!F14:AO14,"FORM")+COUNTIF('08-26'!F15:AO15,"FORM")+COUNTIF('08-26'!G16:AO16,"FORM")+COUNTIF('08-26'!F17:AO17,"FORM")+COUNTIF('08-26'!G18:AO18,"FORM")+COUNTIF('08-26'!F19:AO19,"FORM")+COUNTIF('08-26'!F20:AO20,"FORM")+COUNTIF('08-26'!G21:AO21,"FORM")+COUNTIF('08-26'!F22:AO22,"FORM")+COUNTIF('08-26'!G23:AO23,"FORM")+COUNTIF('08-26'!G24:AO24,"FORM")+COUNTIF('08-26'!G25:AO25,"FORM")+COUNTIF('08-26'!G26:AO26,"FORM")+COUNTIF('08-26'!G27:AO27,"FORM")+COUNTIF('08-26'!G28:AO28,"FORM"),COUNTIF(INDIRECT("'08-26'!G"&VLOOKUP($E$4,$AC$5:$AD$25,2,FALSE())&":AO"&VLOOKUP($E$4,$AC$5:$AD$25,2,FALSE())),"FORM")) -> 0 | K13: =IF($E$4="TOUS",COUNTIF('09-26'!G10:AO10,"FORM")+COUNTIF('09-26'!G9:AO9,"FORM")+COUNTIF('09-26'!G8:AO8,"FORM")+COUNTIF('09-26'!F11:AO11,"FORM")+COUNTIF('09-26'!F12:AO12,"FORM")+COUNTIF('09-26'!G13:AO13,"FORM")+COUNTIF('09-26'!G14:AO14,"FORM")+COUNTIF('09-26'!F15:AO15,"FORM")+COUNTIF('09-26'!F16:AO16,"FORM")+COUNTIF('09-26'!F17:AO17,"FORM")+COUNTIF('09-26'!F18:AO18,"FORM")+COUNTIF('09-26'!G19:AO19,"FORM")+COUNTIF('09-26'!G20:AO20,"FORM")+COUNTIF('09-26'!F21:AO21,"FORM")+COUNTIF('09-26'!G22:AO22,"FORM")+COUNTIF('09-26'!G23:AO23,"FORM")+COUNTIF('09-26'!G24:AO24,"FORM")+COUNTIF('09-26'!G25:AO25,"FORM")+COUNTIF('09-26'!G26:AO26,"FORM")+COUNTIF('09-26'!G27:AO27,"FORM")+COUNTIF('09-26'!G28:AO28,"FORM"),COUNTIF(INDIRECT("'09-26'!G"&VLOOKUP($E$4,$AC$5:$AD$25,2,FALSE())&":AO"&VLOOKUP($E$4,$AC$5:$AD$25,2,FALSE())),"FORM")) -> 0 | L13: =IF($E$4="TOUS",COUNTIF('10-26'!G10:AO10,"FORM")+COUNTIF('10-26'!G9:AO9,"FORM")+COUNTIF('10-26'!G8:AO8,"FORM")+COUNTIF('10-26'!F11:AO11,"FORM")+COUNTIF('10-26'!F12:AO12,"FORM")+COUNTIF('10-26'!G13:AO13,"FORM")+COUNTIF('10-26'!F14:AO14,"FORM")+COUNTIF('10-26'!F15:AO15,"FORM")+COUNTIF('10-26'!F16:AO16,"FORM")+COUNTIF('10-26'!F17:AO17,"FORM")+COUNTIF('10-26'!G18:AO18,"FORM")+COUNTIF('10-26'!G19:AO19,"FORM")+COUNTIF('10-26'!F20:AO20,"FORM")+COUNTIF('10-26'!G21:AO21,"FORM")+COUNTIF('10-26'!G22:AO22,"FORM")+COUNTIF('10-26'!F23:AO23,"FORM")+COUNTIF('10-26'!G24:AO24,"FORM")+COUNTIF('10-26'!G25:AO25,"FORM")+COUNTIF('10-26'!G26:AO26,"FORM")+COUNTIF('10-26'!G27:AO27,"FORM")+COUNTIF('10-26'!G28:AO28,"FORM"),COUNTIF(INDIRECT("'10-26'!G"&VLOOKUP($E$4,$AC$5:$AD$25,2,FALSE())&":AO"&VLOOKUP($E$4,$AC$5:$AD$25,2,FALSE())),"FORM")) -> 0 | M13: =IF($E$4="TOUS",COUNTIF('11-26'!G10:AO10,"FORM")+COUNTIF('11-26'!G9:AO9,"FORM")+COUNTIF('11-26'!G8:AO8,"FORM")+COUNTIF('11-26'!G11:AO11,"FORM")+COUNTIF('11-26'!F12:AO12,"FORM")+COUNTIF('11-26'!G13:AO13,"FORM")+COUNTIF('11-26'!F14:AO14,"FORM")+COUNTIF('11-26'!F15:AO15,"FORM")+COUNTIF('11-26'!G16:AO16,"FORM")+COUNTIF('11-26'!G17:AO17,"FORM")+COUNTIF('11-26'!G18:AO18,"FORM")+COUNTIF('11-26'!G19:AO19,"FORM")+COUNTIF('11-26'!F20:AO20,"FORM")+COUNTIF('11-26'!F21:AO21,"FORM")+COUNTIF('11-26'!F22:AO22,"FORM")+COUNTIF('11-26'!G23:AO23,"FORM")+COUNTIF('11-26'!G24:AO24,"FORM")+COUNTIF('11-26'!G25:AO25,"FORM")+COUNTIF('11-26'!G26:AO26,"FORM")+COUNTIF('11-26'!G27:AO27,"FORM")+COUNTIF('11-26'!G28:AO28,"FORM"),COUNTIF(INDIRECT("'11-26'!G"&VLOOKUP($E$4,$AC$5:$AD$25,2,FALSE())&":AO"&VLOOKUP($E$4,$AC$5:$AD$25,2,FALSE())),"FORM")) -> 0 | N13: =IF($E$4="TOUS",COUNTIF('12-26'!G10:AO10,"FORM")+COUNTIF('12-26'!G9:AO9,"FORM")+COUNTIF('12-26'!G8:AO8,"FORM")+COUNTIF('12-26'!G11:AO11,"FORM")+COUNTIF('12-26'!G12:AO12,"FORM")+COUNTIF('12-26'!G13:AO13,"FORM")+COUNTIF('12-26'!G14:AO14,"FORM")+COUNTIF('12-26'!F15:AO15,"FORM")+COUNTIF('12-26'!G16:AO16,"FORM")+COUNTIF('12-26'!F17:AO17,"FORM")+COUNTIF('12-26'!G18:AO18,"FORM")+COUNTIF('12-26'!G19:AO19,"FORM")+COUNTIF('12-26'!F20:AO20,"FORM")+COUNTIF('12-26'!F21:AO21,"FORM")+COUNTIF('12-26'!F22:AO22,"FORM")+COUNTIF('12-26'!G23:AO23,"FORM")+COUNTIF('12-26'!G24:AO24,"FORM")+COUNTIF('12-26'!G25:AO25,"FORM")+COUNTIF('12-26'!G26:AO26,"FORM")+COUNTIF('12-26'!G27:AO27,"FORM")+COUNTIF('12-26'!G28:AO28,"FORM"),COUNTIF(INDIRECT("'12-26'!G"&VLOOKUP($E$4,$AC$5:$AD$25,2,FALSE())&":AO"&VLOOKUP($E$4,$AC$5:$AD$25,2,FALSE())),"FORM")) -> 0 | O13: =SUM(C13:N13) -> 43 | Q13: AUGE N. | R13: =COUNTIF('01-26'!G13:AO13,"TP")+COUNTIF('02-26'!F13:AO13,"TP")+COUNTIF('03-26'!F13:AO13,"TP")+COUNTIF('04-26'!F13:AO13,"TP")+COUNTIF('05-26'!F13:AO13,"TP")+COUNTIF('06-26'!F13:AO13,"TP")+COUNTIF('07-26'!G13:AO13,"TP")+COUNTIF('08-26'!F13:AO13,"TP")+COUNTIF('09-26'!F13:AO13,"TP")+COUNTIF('10-26'!F13:AO13,"TP")+COUNTIF('11-26'!F13:AO13,"TP")+COUNTIF('12-26'!G13:AO13,"TP") -> 52 | S13: =COUNTIF('01-26'!G13:AO13,"CSE")+COUNTIF('01-26'!G13:AO13,"CSE/RPX")+COUNTIF('01-26'!G13:AO13,"RPX")+COUNTIF('02-26'!F13:AO13,"CSE")+COUNTIF('02-26'!F13:AO13,"CSE/RPX")+COUNTIF('02-26'!F13:AO13,"RPX")+COUNTIF('03-26'!F13:AO13,"CSE")+COUNTIF('03-26'!F13:AO13,"CSE/RPX")+COUNTIF('03-26'!F13:AO13,"RPX")+COUNTIF('04-26'!F13:AO13,"CSE")+COUNTIF('04-26'!F13:AO13,"CSE/RPX")+COUNTIF('04-26'!F13:AO13,"RPX")+COUNTIF('05-26'!F13:AO13,"CSE")+COUNTIF('05-26'!F13:AO13,"CSE/RPX")+COUNTIF('05-26'!F13:AO13,"RPX")+COUNTIF('06-26'!F13:AO13,"CSE")+COUNTIF('06-26'!F13:AO13,"CSE/RPX")+COUNTIF('06-26'!F13:AO13,"RPX")+COUNTIF('07-26'!G13:AO13,"CSE")+COUNTIF('07-26'!G13:AO13,"CSE/RPX")+COUNTIF('07-26'!G13:AO13,"RPX")+COUNTIF('08-26'!F13:AO13,"CSE")+COUNTIF('08-26'!F13:AO13,"CSE/RPX")+COUNTIF('08-26'!F13:AO13,"RPX")+COUNTIF('09-26'!F13:AO13,"CSE")+COUNTIF('09-26'!F13:AO13,"CSE/RPX")+COUNTIF('09-26'!F13:AO13,"RPX")+COUNTIF('10-26'!F13:AO13,"CSE")+COUNTIF('10-26'!F13:AO13,"CSE/RPX")+COUNTIF('10-26'!F13:AO13,"RPX")+COUNTIF('11-26'!F13:AO13,"CSE")+COUNTIF('11-26'!F13:AO13,"CSE/RPX")+COUNTIF('11-26'!F13:AO13,"RPX")+COUNTIF('12-26'!G13:AO13,"CSE")+COUNTIF('12-26'!G13:AO13,"CSE/RPX")+COUNTIF('12-26'!G13:AO13,"RPX") -> 34 | T13: =COUNTIF('01-26'!G13:AO13,"CA/RC")+COUNTIF('01-26'!G13:AO13,"CA")+COUNTIF('02-26'!F13:AO13,"CA/RC")+COUNTIF('02-26'!F13:AO13,"CA")+COUNTIF('03-26'!F13:AO13,"CA/RC")+COUNTIF('03-26'!F13:AO13,"CA")+COUNTIF('04-26'!F13:AO13,"CA/RC")+COUNTIF('04-26'!F13:AO13,"CA")+COUNTIF('05-26'!F13:AO13,"CA/RC")+COUNTIF('05-26'!F13:AO13,"CA")+COUNTIF('06-26'!F13:AO13,"CA/RC")+COUNTIF('06-26'!F13:AO13,"CA")+COUNTIF('07-26'!G13:AO13,"CA/RC")+COUNTIF('07-26'!G13:AO13,"CA")+COUNTIF('08-26'!F13:AO13,"CA/RC")+COUNTIF('08-26'!F13:AO13,"CA")+COUNTIF('09-26'!F13:AO13,"CA/RC")+COUNTIF('09-26'!F13:AO13,"CA")+COUNTIF('10-26'!F13:AO13,"CA/RC")+COUNTIF('10-26'!F13:AO13,"CA")+COUNTIF('11-26'!F13:AO13,"CA/RC")+COUNTIF('11-26'!F13:AO13,"CA")+COUNTIF('12-26'!G13:AO13,"CA/RC")+COUNTIF('12-26'!G13:AO13,"CA") -> 24 | U13: =COUNTIF('01-26'!G13:AO13,"ATM/ATA")+COUNTIF('01-26'!G13:AO13,"ATM")+COUNTIF('01-26'!G13:AO13,"ATA")+COUNTIF('02-26'!G13:AO13,"ATM/ATA")+COUNTIF('02-26'!G13:AO13,"ATM")+COUNTIF('02-26'!G13:AO13,"ATA")+COUNTIF('03-26'!G13:AO13,"ATM/ATA")+COUNTIF('03-26'!G13:AO13,"ATM")+COUNTIF('03-26'!G13:AO13,"ATA")+COUNTIF('04-26'!G13:AO13,"ATM/ATA")+COUNTIF('04-26'!G13:AO13,"ATM")+COUNTIF('04-26'!G13:AO13,"ATA")+COUNTIF('05-26'!G13:AO13,"ATM/ATA")+COUNTIF('05-26'!G13:AO13,"ATM")+COUNTIF('05-26'!G13:AO13,"ATA")+COUNTIF('06-26'!G13:AO13,"ATM/ATA")+COUNTIF('06-26'!G13:AO13,"ATM")+COUNTIF('06-26'!G13:AO13,"ATA")+COUNTIF('07-26'!F13:AO13,"ATM/ATA")+COUNTIF('07-26'!F13:AO13,"ATM")+COUNTIF('07-26'!F13:AO13,"ATA")+COUNTIF('08-26'!F13:AO13,"ATM/ATA")+COUNTIF('08-26'!F13:AO13,"ATM")+COUNTIF('08-26'!F13:AO13,"ATA")+COUNTIF('09-26'!F13:AO13,"ATM/ATA")+COUNTIF('09-26'!F13:AO13,"ATM")+COUNTIF('09-26'!F13:AO13,"ATA")+COUNTIF('10-26'!F13:AO13,"ATM/ATA")+COUNTIF('10-26'!F13:AO13,"ATM")+COUNTIF('10-26'!F13:AO13,"ATA")+COUNTIF('11-26'!G13:AO13,"ATM/ATA")+COUNTIF('11-26'!G13:AO13,"ATM")+COUNTIF('11-26'!G13:AO13,"ATA")+COUNTIF('12-26'!G13:AO13,"ATM/ATA")+COUNTIF('12-26'!G13:AO13,"ATM")+COUNTIF('12-26'!G13:AO13,"ATA") -> 0 | V13: =COUNTIF('01-26'!G13:AO13,"ASA")+COUNTIF('02-26'!G13:AO13,"ASA")+COUNTIF('03-26'!G13:AO13,"ASA")+COUNTIF('04-26'!G13:AO13,"ASA")+COUNTIF('05-26'!G13:AO13,"ASA")+COUNTIF('06-26'!G13:AO13,"ASA")+COUNTIF('07-26'!F13:AO13,"ASA")+COUNTIF('08-26'!F13:AO13,"ASA")+COUNTIF('09-26'!F13:AO13,"ASA")+COUNTIF('10-26'!F13:AO13,"ASA")+COUNTIF('11-26'!G13:AO13,"ASA")+COUNTIF('12-26'!G13:AO13,"ASA") -> 0 | W13: =COUNTIF('01-26'!G13:AO13,"FORM")+COUNTIF('02-26'!G13:AO13,"FORM")+COUNTIF('03-26'!G13:AO13,"FORM")+COUNTIF('04-26'!G13:AO13,"FORM")+COUNTIF('05-26'!G13:AO13,"FORM")+COUNTIF('06-26'!G13:AO13,"FORM")+COUNTIF('07-26'!F13:AO13,"FORM")+COUNTIF('08-26'!F13:AO13,"FORM")+COUNTIF('09-26'!F13:AO13,"FORM")+COUNTIF('10-26'!F13:AO13,"FORM")+COUNTIF('11-26'!G13:AO13,"FORM")+COUNTIF('12-26'!G13:AO13,"FORM") -> 0 | X13: =COUNTIF('01-26'!G13:AO13,"RPM")+COUNTIF('01-26'!G13:AO13,"JPS")+COUNTIF('02-26'!G13:AO13,"RPM")+COUNTIF('02-26'!G13:AO13,"JPS")+COUNTIF('03-26'!G13:AO13,"RPM")+COUNTIF('03-26'!G13:AO13,"JPS")+COUNTIF('04-26'!G13:AO13,"RPM")+COUNTIF('04-26'!G13:AO13,"JPS")+COUNTIF('05-26'!G13:AO13,"RPM")+COUNTIF('05-26'!G13:AO13,"JPS")+COUNTIF('06-26'!G13:AO13,"RPM")+COUNTIF('06-26'!G13:AO13,"JPS")+COUNTIF('07-26'!F13:AO13,"RPM")+COUNTIF('07-26'!F13:AO13,"JPS")+COUNTIF('08-26'!F13:AO13,"RPM")+COUNTIF('08-26'!F13:AO13,"JPS")+COUNTIF('09-26'!F13:AO13,"RPM")+COUNTIF('09-26'!F13:AO13,"JPS")+COUNTIF('10-26'!F13:AO13,"RPM")+COUNTIF('10-26'!F13:AO13,"JPS")+COUNTIF('11-26'!G13:AO13,"RPM")+COUNTIF('11-26'!G13:AO13,"JPS")+COUNTIF('12-26'!G13:AO13,"RPM")+COUNTIF('12-26'!G13:AO13,"JPS") -> 0 | Y13: =SUM(R13:X13) -> 110 | AB13: FELIS K. | AC13: CLOUTE D. | AD13: 16
B14: Autre | C14: =IF($E$4="TOUS",COUNTIF('01-26'!G10:AO10,"RPM")+COUNTIF('01-26'!G9:AO9,"RPM")+COUNTIF('01-26'!G8:AO8,"RPM")+COUNTIF('01-26'!G11:AO11,"RPM")+COUNTIF('01-26'!G12:AO12,"RPM")+COUNTIF('01-26'!G13:AO13,"RPM")+COUNTIF('01-26'!F14:AO14,"RPM")+COUNTIF('01-26'!G15:AO15,"RPM")+COUNTIF('01-26'!F16:AO16,"RPM")+COUNTIF('01-26'!F17:AO17,"RPM")+COUNTIF('01-26'!G18:AO18,"RPM")+COUNTIF('01-26'!G19:AO19,"RPM")+COUNTIF('01-26'!F20:AO20,"RPM")+COUNTIF('01-26'!F21:AO21,"RPM")+COUNTIF('01-26'!G22:AO22,"RPM")+COUNTIF('01-26'!G23:AO23,"RPM")+COUNTIF('01-26'!G24:AO24,"RPM")+COUNTIF('01-26'!G25:AO25,"RPM")+COUNTIF('01-26'!G26:AO26,"RPM")+COUNTIF('01-26'!G27:AO27,"RPM")+COUNTIF('01-26'!G28:AO28,"RPM")+COUNTIF('01-26'!G10:AO10,"JPS")+COUNTIF('01-26'!G9:AO9,"JPS")+COUNTIF('01-26'!G8:AO8,"JPS")+COUNTIF('01-26'!G11:AO11,"JPS")+COUNTIF('01-26'!G12:AO12,"JPS")+COUNTIF('01-26'!G13:AO13,"JPS")+COUNTIF('01-26'!F14:AO14,"JPS")+COUNTIF('01-26'!G15:AO15,"JPS")+COUNTIF('01-26'!F16:AO16,"JPS")+COUNTIF('01-26'!F17:AO17,"JPS")+COUNTIF('01-26'!G18:AO18,"JPS")+COUNTIF('01-26'!G19:AO19,"JPS")+COUNTIF('01-26'!F20:AO20,"JPS")+COUNTIF('01-26'!F21:AO21,"JPS")+COUNTIF('01-26'!G22:AO22,"JPS")+COUNTIF('01-26'!G23:AO23,"JPS")+COUNTIF('01-26'!G24:AO24,"JPS")+COUNTIF('01-26'!G25:AO25,"JPS")+COUNTIF('01-26'!G26:AO26,"JPS")+COUNTIF('01-26'!G27:AO27,"JPS")+COUNTIF('01-26'!G28:AO28,"JPS"),COUNTIF(INDIRECT("'01-26'!G"&VLOOKUP($E$4,$AC$5:$AD$25,2,FALSE())&":AO"&VLOOKUP($E$4,$AC$5:$AD$25,2,FALSE())),"RPM")+COUNTIF(INDIRECT("'01-26'!G"&VLOOKUP($E$4,$AC$5:$AD$25,2,FALSE())&":AO"&VLOOKUP($E$4,$AC$5:$AD$25,2,FALSE())),"JPS")) -> 1 | D14: =IF($E$4="TOUS",COUNTIF('02-26'!G10:AO10,"RPM")+COUNTIF('02-26'!G9:AO9,"RPM")+COUNTIF('02-26'!G8:AO8,"RPM")+COUNTIF('02-26'!G11:AO11,"RPM")+COUNTIF('02-26'!F12:AO12,"RPM")+COUNTIF('02-26'!G13:AO13,"RPM")+COUNTIF('02-26'!G14:AO14,"RPM")+COUNTIF('02-26'!F15:AO15,"RPM")+COUNTIF('02-26'!G16:AO16,"RPM")+COUNTIF('02-26'!F17:AO17,"RPM")+COUNTIF('02-26'!G18:AO18,"RPM")+COUNTIF('02-26'!G19:AO19,"RPM")+COUNTIF('02-26'!F20:AO20,"RPM")+COUNTIF('02-26'!G21:AO21,"RPM")+COUNTIF('02-26'!G22:AO22,"RPM")+COUNTIF('02-26'!G23:AO23,"RPM")+COUNTIF('02-26'!G24:AO24,"RPM")+COUNTIF('02-26'!G25:AO25,"RPM")+COUNTIF('02-26'!G26:AO26,"RPM")+COUNTIF('02-26'!G27:AO27,"RPM")+COUNTIF('02-26'!G28:AO28,"RPM")+COUNTIF('02-26'!G10:AO10,"JPS")+COUNTIF('02-26'!G9:AO9,"JPS")+COUNTIF('02-26'!G8:AO8,"JPS")+COUNTIF('02-26'!G11:AO11,"JPS")+COUNTIF('02-26'!F12:AO12,"JPS")+COUNTIF('02-26'!G13:AO13,"JPS")+COUNTIF('02-26'!G14:AO14,"JPS")+COUNTIF('02-26'!F15:AO15,"JPS")+COUNTIF('02-26'!G16:AO16,"JPS")+COUNTIF('02-26'!F17:AO17,"JPS")+COUNTIF('02-26'!G18:AO18,"JPS")+COUNTIF('02-26'!G19:AO19,"JPS")+COUNTIF('02-26'!F20:AO20,"JPS")+COUNTIF('02-26'!G21:AO21,"JPS")+COUNTIF('02-26'!G22:AO22,"JPS")+COUNTIF('02-26'!G23:AO23,"JPS")+COUNTIF('02-26'!G24:AO24,"JPS")+COUNTIF('02-26'!G25:AO25,"JPS")+COUNTIF('02-26'!G26:AO26,"JPS")+COUNTIF('02-26'!G27:AO27,"JPS")+COUNTIF('02-26'!G28:AO28,"JPS"),COUNTIF(INDIRECT("'02-26'!G"&VLOOKUP($E$4,$AC$5:$AD$25,2,FALSE())&":AO"&VLOOKUP($E$4,$AC$5:$AD$25,2,FALSE())),"RPM")+COUNTIF(INDIRECT("'02-26'!G"&VLOOKUP($E$4,$AC$5:$AD$25,2,FALSE())&":AO"&VLOOKUP($E$4,$AC$5:$AD$25,2,FALSE())),"JPS")) -> 1 | E14: =IF($E$4="TOUS",COUNTIF('03-26'!G10:AO10,"RPM")+COUNTIF('03-26'!G9:AO9,"RPM")+COUNTIF('03-26'!G8:AO8,"RPM")+COUNTIF('03-26'!G11:AO11,"RPM")+COUNTIF('03-26'!F12:AO12,"RPM")+COUNTIF('03-26'!G13:AO13,"RPM")+COUNTIF('03-26'!G14:AO14,"RPM")+COUNTIF('03-26'!F15:AO15,"RPM")+COUNTIF('03-26'!F16:AO16,"RPM")+COUNTIF('03-26'!F17:AO17,"RPM")+COUNTIF('03-26'!F18:AO18,"RPM")+COUNTIF('03-26'!G19:AO19,"RPM")+COUNTIF('03-26'!G20:AO20,"RPM")+COUNTIF('03-26'!G21:AO21,"RPM")+COUNTIF('03-26'!F22:AO22,"RPM")+COUNTIF('03-26'!G23:AO23,"RPM")+COUNTIF('03-26'!G24:AO24,"RPM")+COUNTIF('03-26'!G25:AO25,"RPM")+COUNTIF('03-26'!G26:AO26,"RPM")+COUNTIF('03-26'!G27:AO27,"RPM")+COUNTIF('03-26'!G28:AO28,"RPM")+COUNTIF('03-26'!G10:AO10,"JPS")+COUNTIF('03-26'!G9:AO9,"JPS")+COUNTIF('03-26'!G8:AO8,"JPS")+COUNTIF('03-26'!G11:AO11,"JPS")+COUNTIF('03-26'!F12:AO12,"JPS")+COUNTIF('03-26'!G13:AO13,"JPS")+COUNTIF('03-26'!G14:AO14,"JPS")+COUNTIF('03-26'!F15:AO15,"JPS")+COUNTIF('03-26'!F16:AO16,"JPS")+COUNTIF('03-26'!F17:AO17,"JPS")+COUNTIF('03-26'!F18:AO18,"JPS")+COUNTIF('03-26'!G19:AO19,"JPS")+COUNTIF('03-26'!G20:AO20,"JPS")+COUNTIF('03-26'!G21:AO21,"JPS")+COUNTIF('03-26'!F22:AO22,"JPS")+COUNTIF('03-26'!G23:AO23,"JPS")+COUNTIF('03-26'!G24:AO24,"JPS")+COUNTIF('03-26'!G25:AO25,"JPS")+COUNTIF('03-26'!G26:AO26,"JPS")+COUNTIF('03-26'!G27:AO27,"JPS")+COUNTIF('03-26'!G28:AO28,"JPS"),COUNTIF(INDIRECT("'03-26'!G"&VLOOKUP($E$4,$AC$5:$AD$25,2,FALSE())&":AO"&VLOOKUP($E$4,$AC$5:$AD$25,2,FALSE())),"RPM")+COUNTIF(INDIRECT("'03-26'!G"&VLOOKUP($E$4,$AC$5:$AD$25,2,FALSE())&":AO"&VLOOKUP($E$4,$AC$5:$AD$25,2,FALSE())),"JPS")) -> 0 | F14: =IF($E$4="TOUS",COUNTIF('04-26'!G10:AO10,"RPM")+COUNTIF('04-26'!G9:AO9,"RPM")+COUNTIF('04-26'!G8:AO8,"RPM")+COUNTIF('04-26'!G11:AO11,"RPM")+COUNTIF('04-26'!F12:AO12,"RPM")+COUNTIF('04-26'!G13:AO13,"RPM")+COUNTIF('04-26'!F14:AO14,"RPM")+COUNTIF('04-26'!G15:AO15,"RPM")+COUNTIF('04-26'!G16:AO16,"RPM")+COUNTIF('04-26'!G17:AO17,"RPM")+COUNTIF('04-26'!G18:AO18,"RPM")+COUNTIF('04-26'!G19:AO19,"RPM")+COUNTIF('04-26'!G20:AO20,"RPM")+COUNTIF('04-26'!G21:AO21,"RPM")+COUNTIF('04-26'!G22:AO22,"RPM")+COUNTIF('04-26'!G23:AO23,"RPM")+COUNTIF('04-26'!G24:AO24,"RPM")+COUNTIF('04-26'!G25:AO25,"RPM")+COUNTIF('04-26'!G26:AO26,"RPM")+COUNTIF('04-26'!G27:AO27,"RPM")+COUNTIF('04-26'!G28:AO28,"RPM")+COUNTIF('04-26'!G10:AO10,"JPS")+COUNTIF('04-26'!G9:AO9,"JPS")+COUNTIF('04-26'!G8:AO8,"JPS")+COUNTIF('04-26'!G11:AO11,"JPS")+COUNTIF('04-26'!F12:AO12,"JPS")+COUNTIF('04-26'!G13:AO13,"JPS")+COUNTIF('04-26'!F14:AO14,"JPS")+COUNTIF('04-26'!G15:AO15,"JPS")+COUNTIF('04-26'!G16:AO16,"JPS")+COUNTIF('04-26'!G17:AO17,"JPS")+COUNTIF('04-26'!G18:AO18,"JPS")+COUNTIF('04-26'!G19:AO19,"JPS")+COUNTIF('04-26'!G20:AO20,"JPS")+COUNTIF('04-26'!G21:AO21,"JPS")+COUNTIF('04-26'!G22:AO22,"JPS")+COUNTIF('04-26'!G23:AO23,"JPS")+COUNTIF('04-26'!G24:AO24,"JPS")+COUNTIF('04-26'!G25:AO25,"JPS")+COUNTIF('04-26'!G26:AO26,"JPS")+COUNTIF('04-26'!G27:AO27,"JPS")+COUNTIF('04-26'!G28:AO28,"JPS"),COUNTIF(INDIRECT("'04-26'!G"&VLOOKUP($E$4,$AC$5:$AD$25,2,FALSE())&":AO"&VLOOKUP($E$4,$AC$5:$AD$25,2,FALSE())),"RPM")+COUNTIF(INDIRECT("'04-26'!G"&VLOOKUP($E$4,$AC$5:$AD$25,2,FALSE())&":AO"&VLOOKUP($E$4,$AC$5:$AD$25,2,FALSE())),"JPS")) -> 2 | G14: =IF($E$4="TOUS",COUNTIF('05-26'!G10:AO10,"RPM")+COUNTIF('05-26'!G9:AO9,"RPM")+COUNTIF('05-26'!G8:AO8,"RPM")+COUNTIF('05-26'!G11:AO11,"RPM")+COUNTIF('05-26'!F12:AO12,"RPM")+COUNTIF('05-26'!G13:AO13,"RPM")+COUNTIF('05-26'!F14:AO14,"RPM")+COUNTIF('05-26'!F15:AO15,"RPM")+COUNTIF('05-26'!G16:AO16,"RPM")+COUNTIF('05-26'!F17:AO17,"RPM")+COUNTIF('05-26'!G18:AO18,"RPM")+COUNTIF('05-26'!G19:AO19,"RPM")+COUNTIF('05-26'!G20:AO20,"RPM")+COUNTIF('05-26'!F21:AO21,"RPM")+COUNTIF('05-26'!F22:AO22,"RPM")+COUNTIF('05-26'!G23:AO23,"RPM")+COUNTIF('05-26'!G24:AO24,"RPM")+COUNTIF('05-26'!G25:AO25,"RPM")+COUNTIF('05-26'!G26:AO26,"RPM")+COUNTIF('05-26'!G27:AO27,"RPM")+COUNTIF('05-26'!G28:AO28,"RPM")+COUNTIF('05-26'!G10:AO10,"JPS")+COUNTIF('05-26'!G9:AO9,"JPS")+COUNTIF('05-26'!G8:AO8,"JPS")+COUNTIF('05-26'!G11:AO11,"JPS")+COUNTIF('05-26'!F12:AO12,"JPS")+COUNTIF('05-26'!G13:AO13,"JPS")+COUNTIF('05-26'!F14:AO14,"JPS")+COUNTIF('05-26'!F15:AO15,"JPS")+COUNTIF('05-26'!G16:AO16,"JPS")+COUNTIF('05-26'!F17:AO17,"JPS")+COUNTIF('05-26'!G18:AO18,"JPS")+COUNTIF('05-26'!G19:AO19,"JPS")+COUNTIF('05-26'!G20:AO20,"JPS")+COUNTIF('05-26'!F21:AO21,"JPS")+COUNTIF('05-26'!F22:AO22,"JPS")+COUNTIF('05-26'!G23:AO23,"JPS")+COUNTIF('05-26'!G24:AO24,"JPS")+COUNTIF('05-26'!G25:AO25,"JPS")+COUNTIF('05-26'!G26:AO26,"JPS")+COUNTIF('05-26'!G27:AO27,"JPS")+COUNTIF('05-26'!G28:AO28,"JPS"),COUNTIF(INDIRECT("'05-26'!G"&VLOOKUP($E$4,$AC$5:$AD$25,2,FALSE())&":AO"&VLOOKUP($E$4,$AC$5:$AD$25,2,FALSE())),"RPM")+COUNTIF(INDIRECT("'05-26'!G"&VLOOKUP($E$4,$AC$5:$AD$25,2,FALSE())&":AO"&VLOOKUP($E$4,$AC$5:$AD$25,2,FALSE())),"JPS")) -> 2 | H14: =IF($E$4="TOUS",COUNTIF('06-26'!G10:AO10,"RPM")+COUNTIF('06-26'!G9:AO9,"RPM")+COUNTIF('06-26'!G8:AO8,"RPM")+COUNTIF('06-26'!G11:AO11,"RPM")+COUNTIF('06-26'!F12:AO12,"RPM")+COUNTIF('06-26'!G13:AO13,"RPM")+COUNTIF('06-26'!F14:AO14,"RPM")+COUNTIF('06-26'!F15:AO15,"RPM")+COUNTIF('06-26'!F16:AO16,"RPM")+COUNTIF('06-26'!F17:AO17,"RPM")+COUNTIF('06-26'!G18:AO18,"RPM")+COUNTIF('06-26'!G19:AO19,"RPM")+COUNTIF('06-26'!G20:AO20,"RPM")+COUNTIF('06-26'!F21:AO21,"RPM")+COUNTIF('06-26'!F22:AO22,"RPM")+COUNTIF('06-26'!G23:AO23,"RPM")+COUNTIF('06-26'!G24:AO24,"RPM")+COUNTIF('06-26'!G25:AO25,"RPM")+COUNTIF('06-26'!G26:AO26,"RPM")+COUNTIF('06-26'!G27:AO27,"RPM")+COUNTIF('06-26'!G28:AO28,"RPM")+COUNTIF('06-26'!G10:AO10,"JPS")+COUNTIF('06-26'!G9:AO9,"JPS")+COUNTIF('06-26'!G8:AO8,"JPS")+COUNTIF('06-26'!G11:AO11,"JPS")+COUNTIF('06-26'!F12:AO12,"JPS")+COUNTIF('06-26'!G13:AO13,"JPS")+COUNTIF('06-26'!F14:AO14,"JPS")+COUNTIF('06-26'!F15:AO15,"JPS")+COUNTIF('06-26'!F16:AO16,"JPS")+COUNTIF('06-26'!F17:AO17,"JPS")+COUNTIF('06-26'!G18:AO18,"JPS")+COUNTIF('06-26'!G19:AO19,"JPS")+COUNTIF('06-26'!G20:AO20,"JPS")+COUNTIF('06-26'!F21:AO21,"JPS")+COUNTIF('06-26'!F22:AO22,"JPS")+COUNTIF('06-26'!G23:AO23,"JPS")+COUNTIF('06-26'!G24:AO24,"JPS")+COUNTIF('06-26'!G25:AO25,"JPS")+COUNTIF('06-26'!G26:AO26,"JPS")+COUNTIF('06-26'!G27:AO27,"JPS")+COUNTIF('06-26'!G28:AO28,"JPS"),COUNTIF(INDIRECT("'06-26'!G"&VLOOKUP($E$4,$AC$5:$AD$25,2,FALSE())&":AO"&VLOOKUP($E$4,$AC$5:$AD$25,2,FALSE())),"RPM")+COUNTIF(INDIRECT("'06-26'!G"&VLOOKUP($E$4,$AC$5:$AD$25,2,FALSE())&":AO"&VLOOKUP($E$4,$AC$5:$AD$25,2,FALSE())),"JPS")) -> 1 | I14: =IF($E$4="TOUS",COUNTIF('07-26'!G10:AO10,"RPM")+COUNTIF('07-26'!G9:AO9,"RPM")+COUNTIF('07-26'!G8:AO8,"RPM")+COUNTIF('07-26'!F11:AO11,"RPM")+COUNTIF('07-26'!G12:AO12,"RPM")+COUNTIF('07-26'!G13:AO13,"RPM")+COUNTIF('07-26'!F14:AO14,"RPM")+COUNTIF('07-26'!F15:AO15,"RPM")+COUNTIF('07-26'!G16:AO16,"RPM")+COUNTIF('07-26'!G17:AO17,"RPM")+COUNTIF('07-26'!G18:AO18,"RPM")+COUNTIF('07-26'!G19:AO19,"RPM")+COUNTIF('07-26'!F20:AO20,"RPM")+COUNTIF('07-26'!F21:AO21,"RPM")+COUNTIF('07-26'!F22:AO22,"RPM")+COUNTIF('07-26'!G23:AO23,"RPM")+COUNTIF('07-26'!G24:AO24,"RPM")+COUNTIF('07-26'!G25:AO25,"RPM")+COUNTIF('07-26'!G26:AO26,"RPM")+COUNTIF('07-26'!G27:AO27,"RPM")+COUNTIF('07-26'!G28:AO28,"RPM")+COUNTIF('07-26'!G10:AO10,"JPS")+COUNTIF('07-26'!G9:AO9,"JPS")+COUNTIF('07-26'!G8:AO8,"JPS")+COUNTIF('07-26'!F11:AO11,"JPS")+COUNTIF('07-26'!G12:AO12,"JPS")+COUNTIF('07-26'!G13:AO13,"JPS")+COUNTIF('07-26'!F14:AO14,"JPS")+COUNTIF('07-26'!F15:AO15,"JPS")+COUNTIF('07-26'!G16:AO16,"JPS")+COUNTIF('07-26'!G17:AO17,"JPS")+COUNTIF('07-26'!G18:AO18,"JPS")+COUNTIF('07-26'!G19:AO19,"JPS")+COUNTIF('07-26'!F20:AO20,"JPS")+COUNTIF('07-26'!F21:AO21,"JPS")+COUNTIF('07-26'!F22:AO22,"JPS")+COUNTIF('07-26'!G23:AO23,"JPS")+COUNTIF('07-26'!G24:AO24,"JPS")+COUNTIF('07-26'!G25:AO25,"JPS")+COUNTIF('07-26'!G26:AO26,"JPS")+COUNTIF('07-26'!G27:AO27,"JPS")+COUNTIF('07-26'!G28:AO28,"JPS"),COUNTIF(INDIRECT("'07-26'!G"&VLOOKUP($E$4,$AC$5:$AD$25,2,FALSE())&":AO"&VLOOKUP($E$4,$AC$5:$AD$25,2,FALSE())),"RPM")+COUNTIF(INDIRECT("'07-26'!G"&VLOOKUP($E$4,$AC$5:$AD$25,2,FALSE())&":AO"&VLOOKUP($E$4,$AC$5:$AD$25,2,FALSE())),"JPS")) -> 2 | J14: =IF($E$4="TOUS",COUNTIF('08-26'!G10:AO10,"RPM")+COUNTIF('08-26'!G9:AO9,"RPM")+COUNTIF('08-26'!G8:AO8,"RPM")+COUNTIF('08-26'!F11:AO11,"RPM")+COUNTIF('08-26'!F12:AO12,"RPM")+COUNTIF('08-26'!F13:AO13,"RPM")+COUNTIF('08-26'!F14:AO14,"RPM")+COUNTIF('08-26'!F15:AO15,"RPM")+COUNTIF('08-26'!G16:AO16,"RPM")+COUNTIF('08-26'!F17:AO17,"RPM")+COUNTIF('08-26'!G18:AO18,"RPM")+COUNTIF('08-26'!F19:AO19,"RPM")+COUNTIF('08-26'!F20:AO20,"RPM")+COUNTIF('08-26'!G21:AO21,"RPM")+COUNTIF('08-26'!F22:AO22,"RPM")+COUNTIF('08-26'!G23:AO23,"RPM")+COUNTIF('08-26'!G24:AO24,"RPM")+COUNTIF('08-26'!G25:AO25,"RPM")+COUNTIF('08-26'!G26:AO26,"RPM")+COUNTIF('08-26'!G27:AO27,"RPM")+COUNTIF('08-26'!G28:AO28,"RPM")+COUNTIF('08-26'!G10:AO10,"JPS")+COUNTIF('08-26'!G9:AO9,"JPS")+COUNTIF('08-26'!G8:AO8,"JPS")+COUNTIF('08-26'!F11:AO11,"JPS")+COUNTIF('08-26'!F12:AO12,"JPS")+COUNTIF('08-26'!F13:AO13,"JPS")+COUNTIF('08-26'!F14:AO14,"JPS")+COUNTIF('08-26'!F15:AO15,"JPS")+COUNTIF('08-26'!G16:AO16,"JPS")+COUNTIF('08-26'!F17:AO17,"JPS")+COUNTIF('08-26'!G18:AO18,"JPS")+COUNTIF('08-26'!F19:AO19,"JPS")+COUNTIF('08-26'!F20:AO20,"JPS")+COUNTIF('08-26'!G21:AO21,"JPS")+COUNTIF('08-26'!F22:AO22,"JPS")+COUNTIF('08-26'!G23:AO23,"JPS")+COUNTIF('08-26'!G24:AO24,"JPS")+COUNTIF('08-26'!G25:AO25,"JPS")+COUNTIF('08-26'!G26:AO26,"JPS")+COUNTIF('08-26'!G27:AO27,"JPS")+COUNTIF('08-26'!G28:AO28,"JPS"),COUNTIF(INDIRECT("'08-26'!G"&VLOOKUP($E$4,$AC$5:$AD$25,2,FALSE())&":AO"&VLOOKUP($E$4,$AC$5:$AD$25,2,FALSE())),"RPM")+COUNTIF(INDIRECT("'08-26'!G"&VLOOKUP($E$4,$AC$5:$AD$25,2,FALSE())&":AO"&VLOOKUP($E$4,$AC$5:$AD$25,2,FALSE())),"JPS")) -> 1 | K14: =IF($E$4="TOUS",COUNTIF('09-26'!G10:AO10,"RPM")+COUNTIF('09-26'!G9:AO9,"RPM")+COUNTIF('09-26'!G8:AO8,"RPM")+COUNTIF('09-26'!F11:AO11,"RPM")+COUNTIF('09-26'!F12:AO12,"RPM")+COUNTIF('09-26'!G13:AO13,"RPM")+COUNTIF('09-26'!G14:AO14,"RPM")+COUNTIF('09-26'!F15:AO15,"RPM")+COUNTIF('09-26'!F16:AO16,"RPM")+COUNTIF('09-26'!F17:AO17,"RPM")+COUNTIF('09-26'!F18:AO18,"RPM")+COUNTIF('09-26'!G19:AO19,"RPM")+COUNTIF('09-26'!G20:AO20,"RPM")+COUNTIF('09-26'!F21:AO21,"RPM")+COUNTIF('09-26'!G22:AO22,"RPM")+COUNTIF('09-26'!G23:AO23,"RPM")+COUNTIF('09-26'!G24:AO24,"RPM")+COUNTIF('09-26'!G25:AO25,"RPM")+COUNTIF('09-26'!G26:AO26,"RPM")+COUNTIF('09-26'!G27:AO27,"RPM")+COUNTIF('09-26'!G28:AO28,"RPM")+COUNTIF('09-26'!G10:AO10,"JPS")+COUNTIF('09-26'!G9:AO9,"JPS")+COUNTIF('09-26'!G8:AO8,"JPS")+COUNTIF('09-26'!F11:AO11,"JPS")+COUNTIF('09-26'!F12:AO12,"JPS")+COUNTIF('09-26'!G13:AO13,"JPS")+COUNTIF('09-26'!G14:AO14,"JPS")+COUNTIF('09-26'!F15:AO15,"JPS")+COUNTIF('09-26'!F16:AO16,"JPS")+COUNTIF('09-26'!F17:AO17,"JPS")+COUNTIF('09-26'!F18:AO18,"JPS")+COUNTIF('09-26'!G19:AO19,"JPS")+COUNTIF('09-26'!G20:AO20,"JPS")+COUNTIF('09-26'!F21:AO21,"JPS")+COUNTIF('09-26'!G22:AO22,"JPS")+COUNTIF('09-26'!G23:AO23,"JPS")+COUNTIF('09-26'!G24:AO24,"JPS")+COUNTIF('09-26'!G25:AO25,"JPS")+COUNTIF('09-26'!G26:AO26,"JPS")+COUNTIF('09-26'!G27:AO27,"JPS")+COUNTIF('09-26'!G28:AO28,"JPS"),COUNTIF(INDIRECT("'09-26'!G"&VLOOKUP($E$4,$AC$5:$AD$25,2,FALSE())&":AO"&VLOOKUP($E$4,$AC$5:$AD$25,2,FALSE())),"RPM")+COUNTIF(INDIRECT("'09-26'!G"&VLOOKUP($E$4,$AC$5:$AD$25,2,FALSE())&":AO"&VLOOKUP($E$4,$AC$5:$AD$25,2,FALSE())),"JPS")) -> 2 | L14: =IF($E$4="TOUS",COUNTIF('10-26'!G10:AO10,"RPM")+COUNTIF('10-26'!G9:AO9,"RPM")+COUNTIF('10-26'!G8:AO8,"RPM")+COUNTIF('10-26'!F11:AO11,"RPM")+COUNTIF('10-26'!F12:AO12,"RPM")+COUNTIF('10-26'!G13:AO13,"RPM")+COUNTIF('10-26'!F14:AO14,"RPM")+COUNTIF('10-26'!F15:AO15,"RPM")+COUNTIF('10-26'!F16:AO16,"RPM")+COUNTIF('10-26'!F17:AO17,"RPM")+COUNTIF('10-26'!G18:AO18,"RPM")+COUNTIF('10-26'!G19:AO19,"RPM")+COUNTIF('10-26'!F20:AO20,"RPM")+COUNTIF('10-26'!G21:AO21,"RPM")+COUNTIF('10-26'!G22:AO22,"RPM")+COUNTIF('10-26'!F23:AO23,"RPM")+COUNTIF('10-26'!G24:AO24,"RPM")+COUNTIF('10-26'!G25:AO25,"RPM")+COUNTIF('10-26'!G26:AO26,"RPM")+COUNTIF('10-26'!G27:AO27,"RPM")+COUNTIF('10-26'!G28:AO28,"RPM")+COUNTIF('10-26'!G10:AO10,"JPS")+COUNTIF('10-26'!G9:AO9,"JPS")+COUNTIF('10-26'!G8:AO8,"JPS")+COUNTIF('10-26'!F11:AO11,"JPS")+COUNTIF('10-26'!F12:AO12,"JPS")+COUNTIF('10-26'!G13:AO13,"JPS")+COUNTIF('10-26'!F14:AO14,"JPS")+COUNTIF('10-26'!F15:AO15,"JPS")+COUNTIF('10-26'!F16:AO16,"JPS")+COUNTIF('10-26'!F17:AO17,"JPS")+COUNTIF('10-26'!G18:AO18,"JPS")+COUNTIF('10-26'!G19:AO19,"JPS")+COUNTIF('10-26'!F20:AO20,"JPS")+COUNTIF('10-26'!G21:AO21,"JPS")+COUNTIF('10-26'!G22:AO22,"JPS")+COUNTIF('10-26'!F23:AO23,"JPS")+COUNTIF('10-26'!G24:AO24,"JPS")+COUNTIF('10-26'!G25:AO25,"JPS")+COUNTIF('10-26'!G26:AO26,"JPS")+COUNTIF('10-26'!G27:AO27,"JPS")+COUNTIF('10-26'!G28:AO28,"JPS"),COUNTIF(INDIRECT("'10-26'!G"&VLOOKUP($E$4,$AC$5:$AD$25,2,FALSE())&":AO"&VLOOKUP($E$4,$AC$5:$AD$25,2,FALSE())),"RPM")+COUNTIF(INDIRECT("'10-26'!G"&VLOOKUP($E$4,$AC$5:$AD$25,2,FALSE())&":AO"&VLOOKUP($E$4,$AC$5:$AD$25,2,FALSE())),"JPS")) -> 1 | M14: =IF($E$4="TOUS",COUNTIF('11-26'!G10:AO10,"RPM")+COUNTIF('11-26'!G9:AO9,"RPM")+COUNTIF('11-26'!G8:AO8,"RPM")+COUNTIF('11-26'!G11:AO11,"RPM")+COUNTIF('11-26'!F12:AO12,"RPM")+COUNTIF('11-26'!G13:AO13,"RPM")+COUNTIF('11-26'!F14:AO14,"RPM")+COUNTIF('11-26'!F15:AO15,"RPM")+COUNTIF('11-26'!G16:AO16,"RPM")+COUNTIF('11-26'!G17:AO17,"RPM")+COUNTIF('11-26'!G18:AO18,"RPM")+COUNTIF('11-26'!G19:AO19,"RPM")+COUNTIF('11-26'!F20:AO20,"RPM")+COUNTIF('11-26'!F21:AO21,"RPM")+COUNTIF('11-26'!F22:AO22,"RPM")+COUNTIF('11-26'!G23:AO23,"RPM")+COUNTIF('11-26'!G24:AO24,"RPM")+COUNTIF('11-26'!G25:AO25,"RPM")+COUNTIF('11-26'!G26:AO26,"RPM")+COUNTIF('11-26'!G27:AO27,"RPM")+COUNTIF('11-26'!G28:AO28,"RPM")+COUNTIF('11-26'!G10:AO10,"JPS")+COUNTIF('11-26'!G9:AO9,"JPS")+COUNTIF('11-26'!G8:AO8,"JPS")+COUNTIF('11-26'!G11:AO11,"JPS")+COUNTIF('11-26'!F12:AO12,"JPS")+COUNTIF('11-26'!G13:AO13,"JPS")+COUNTIF('11-26'!F14:AO14,"JPS")+COUNTIF('11-26'!F15:AO15,"JPS")+COUNTIF('11-26'!G16:AO16,"JPS")+COUNTIF('11-26'!G17:AO17,"JPS")+COUNTIF('11-26'!G18:AO18,"JPS")+COUNTIF('11-26'!G19:AO19,"JPS")+COUNTIF('11-26'!F20:AO20,"JPS")+COUNTIF('11-26'!F21:AO21,"JPS")+COUNTIF('11-26'!F22:AO22,"JPS")+COUNTIF('11-26'!G23:AO23,"JPS")+COUNTIF('11-26'!G24:AO24,"JPS")+COUNTIF('11-26'!G25:AO25,"JPS")+COUNTIF('11-26'!G26:AO26,"JPS")+COUNTIF('11-26'!G27:AO27,"JPS")+COUNTIF('11-26'!G28:AO28,"JPS"),COUNTIF(INDIRECT("'11-26'!G"&VLOOKUP($E$4,$AC$5:$AD$25,2,FALSE())&":AO"&VLOOKUP($E$4,$AC$5:$AD$25,2,FALSE())),"RPM")+COUNTIF(INDIRECT("'11-26'!G"&VLOOKUP($E$4,$AC$5:$AD$25,2,FALSE())&":AO"&VLOOKUP($E$4,$AC$5:$AD$25,2,FALSE())),"JPS")) -> 5 | N14: =IF($E$4="TOUS",COUNTIF('12-26'!G10:AO10,"RPM")+COUNTIF('12-26'!G9:AO9,"RPM")+COUNTIF('12-26'!G8:AO8,"RPM")+COUNTIF('12-26'!G11:AO11,"RPM")+COUNTIF('12-26'!G12:AO12,"RPM")+COUNTIF('12-26'!G13:AO13,"RPM")+COUNTIF('12-26'!G14:AO14,"RPM")+COUNTIF('12-26'!F15:AO15,"RPM")+COUNTIF('12-26'!G16:AO16,"RPM")+COUNTIF('12-26'!F17:AO17,"RPM")+COUNTIF('12-26'!G18:AO18,"RPM")+COUNTIF('12-26'!G19:AO19,"RPM")+COUNTIF('12-26'!F20:AO20,"RPM")+COUNTIF('12-26'!F21:AO21,"RPM")+COUNTIF('12-26'!F22:AO22,"RPM")+COUNTIF('12-26'!G23:AO23,"RPM")+COUNTIF('12-26'!G24:AO24,"RPM")+COUNTIF('12-26'!G25:AO25,"RPM")+COUNTIF('12-26'!G26:AO26,"RPM")+COUNTIF('12-26'!G27:AO27,"RPM")+COUNTIF('12-26'!G28:AO28,"RPM")+COUNTIF('12-26'!G10:AO10,"JPS")+COUNTIF('12-26'!G9:AO9,"JPS")+COUNTIF('12-26'!G8:AO8,"JPS")+COUNTIF('12-26'!G11:AO11,"JPS")+COUNTIF('12-26'!G12:AO12,"JPS")+COUNTIF('12-26'!G13:AO13,"JPS")+COUNTIF('12-26'!G14:AO14,"JPS")+COUNTIF('12-26'!F15:AO15,"JPS")+COUNTIF('12-26'!G16:AO16,"JPS")+COUNTIF('12-26'!F17:AO17,"JPS")+COUNTIF('12-26'!G18:AO18,"JPS")+COUNTIF('12-26'!G19:AO19,"JPS")+COUNTIF('12-26'!F20:AO20,"JPS")+COUNTIF('12-26'!F21:AO21,"JPS")+COUNTIF('12-26'!F22:AO22,"JPS")+COUNTIF('12-26'!G23:AO23,"JPS")+COUNTIF('12-26'!G24:AO24,"JPS")+COUNTIF('12-26'!G25:AO25,"JPS")+COUNTIF('12-26'!G26:AO26,"JPS")+COUNTIF('12-26'!G27:AO27,"JPS")+COUNTIF('12-26'!G28:AO28,"JPS"),COUNTIF(INDIRECT("'12-26'!G"&VLOOKUP($E$4,$AC$5:$AD$25,2,FALSE())&":AO"&VLOOKUP($E$4,$AC$5:$AD$25,2,FALSE())),"RPM")+COUNTIF(INDIRECT("'12-26'!G"&VLOOKUP($E$4,$AC$5:$AD$25,2,FALSE())&":AO"&VLOOKUP($E$4,$AC$5:$AD$25,2,FALSE())),"JPS")) -> 0 | O14: =SUM(C14:N14) -> 18 | Q14: LARRODE P. | R14: =COUNTIF('01-26'!G14:AO14,"TP")+COUNTIF('02-26'!F14:AO14,"TP")+COUNTIF('03-26'!F14:AO14,"TP")+COUNTIF('04-26'!F14:AO14,"TP")+COUNTIF('05-26'!F14:AO14,"TP")+COUNTIF('06-26'!F14:AO14,"TP")+COUNTIF('07-26'!G14:AO14,"TP")+COUNTIF('08-26'!F14:AO14,"TP")+COUNTIF('09-26'!F14:AO14,"TP")+COUNTIF('10-26'!F14:AO14,"TP")+COUNTIF('11-26'!F14:AO14,"TP")+COUNTIF('12-26'!G14:AO14,"TP") -> 0 | S14: =COUNTIF('01-26'!G14:AO14,"CSE")+COUNTIF('01-26'!G14:AO14,"CSE/RPX")+COUNTIF('01-26'!G14:AO14,"RPX")+COUNTIF('02-26'!F14:AO14,"CSE")+COUNTIF('02-26'!F14:AO14,"CSE/RPX")+COUNTIF('02-26'!F14:AO14,"RPX")+COUNTIF('03-26'!F14:AO14,"CSE")+COUNTIF('03-26'!F14:AO14,"CSE/RPX")+COUNTIF('03-26'!F14:AO14,"RPX")+COUNTIF('04-26'!F14:AO14,"CSE")+COUNTIF('04-26'!F14:AO14,"CSE/RPX")+COUNTIF('04-26'!F14:AO14,"RPX")+COUNTIF('05-26'!F14:AO14,"CSE")+COUNTIF('05-26'!F14:AO14,"CSE/RPX")+COUNTIF('05-26'!F14:AO14,"RPX")+COUNTIF('06-26'!F14:AO14,"CSE")+COUNTIF('06-26'!F14:AO14,"CSE/RPX")+COUNTIF('06-26'!F14:AO14,"RPX")+COUNTIF('07-26'!G14:AO14,"CSE")+COUNTIF('07-26'!G14:AO14,"CSE/RPX")+COUNTIF('07-26'!G14:AO14,"RPX")+COUNTIF('08-26'!F14:AO14,"CSE")+COUNTIF('08-26'!F14:AO14,"CSE/RPX")+COUNTIF('08-26'!F14:AO14,"RPX")+COUNTIF('09-26'!F14:AO14,"CSE")+COUNTIF('09-26'!F14:AO14,"CSE/RPX")+COUNTIF('09-26'!F14:AO14,"RPX")+COUNTIF('10-26'!F14:AO14,"CSE")+COUNTIF('10-26'!F14:AO14,"CSE/RPX")+COUNTIF('10-26'!F14:AO14,"RPX")+COUNTIF('11-26'!F14:AO14,"CSE")+COUNTIF('11-26'!F14:AO14,"CSE/RPX")+COUNTIF('11-26'!F14:AO14,"RPX")+COUNTIF('12-26'!G14:AO14,"CSE")+COUNTIF('12-26'!G14:AO14,"CSE/RPX")+COUNTIF('12-26'!G14:AO14,"RPX") -> 0 | T14: =COUNTIF('01-26'!G14:AO14,"CA/RC")+COUNTIF('01-26'!G14:AO14,"CA")+COUNTIF('02-26'!F14:AO14,"CA/RC")+COUNTIF('02-26'!F14:AO14,"CA")+COUNTIF('03-26'!F14:AO14,"CA/RC")+COUNTIF('03-26'!F14:AO14,"CA")+COUNTIF('04-26'!F14:AO14,"CA/RC")+COUNTIF('04-26'!F14:AO14,"CA")+COUNTIF('05-26'!F14:AO14,"CA/RC")+COUNTIF('05-26'!F14:AO14,"CA")+COUNTIF('06-26'!F14:AO14,"CA/RC")+COUNTIF('06-26'!F14:AO14,"CA")+COUNTIF('07-26'!G14:AO14,"CA/RC")+COUNTIF('07-26'!G14:AO14,"CA")+COUNTIF('08-26'!F14:AO14,"CA/RC")+COUNTIF('08-26'!F14:AO14,"CA")+COUNTIF('09-26'!F14:AO14,"CA/RC")+COUNTIF('09-26'!F14:AO14,"CA")+COUNTIF('10-26'!F14:AO14,"CA/RC")+COUNTIF('10-26'!F14:AO14,"CA")+COUNTIF('11-26'!F14:AO14,"CA/RC")+COUNTIF('11-26'!F14:AO14,"CA")+COUNTIF('12-26'!G14:AO14,"CA/RC")+COUNTIF('12-26'!G14:AO14,"CA") -> 20 | U14: =COUNTIF('01-26'!G14:AO14,"ATM/ATA")+COUNTIF('01-26'!G14:AO14,"ATM")+COUNTIF('01-26'!G14:AO14,"ATA")+COUNTIF('02-26'!G14:AO14,"ATM/ATA")+COUNTIF('02-26'!G14:AO14,"ATM")+COUNTIF('02-26'!G14:AO14,"ATA")+COUNTIF('03-26'!G14:AO14,"ATM/ATA")+COUNTIF('03-26'!G14:AO14,"ATM")+COUNTIF('03-26'!G14:AO14,"ATA")+COUNTIF('04-26'!G14:AO14,"ATM/ATA")+COUNTIF('04-26'!G14:AO14,"ATM")+COUNTIF('04-26'!G14:AO14,"ATA")+COUNTIF('05-26'!G14:AO14,"ATM/ATA")+COUNTIF('05-26'!G14:AO14,"ATM")+COUNTIF('05-26'!G14:AO14,"ATA")+COUNTIF('06-26'!G14:AO14,"ATM/ATA")+COUNTIF('06-26'!G14:AO14,"ATM")+COUNTIF('06-26'!G14:AO14,"ATA")+COUNTIF('07-26'!F14:AO14,"ATM/ATA")+COUNTIF('07-26'!F14:AO14,"ATM")+COUNTIF('07-26'!F14:AO14,"ATA")+COUNTIF('08-26'!F14:AO14,"ATM/ATA")+COUNTIF('08-26'!F14:AO14,"ATM")+COUNTIF('08-26'!F14:AO14,"ATA")+COUNTIF('09-26'!F14:AO14,"ATM/ATA")+COUNTIF('09-26'!F14:AO14,"ATM")+COUNTIF('09-26'!F14:AO14,"ATA")+COUNTIF('10-26'!F14:AO14,"ATM/ATA")+COUNTIF('10-26'!F14:AO14,"ATM")+COUNTIF('10-26'!F14:AO14,"ATA")+COUNTIF('11-26'!G14:AO14,"ATM/ATA")+COUNTIF('11-26'!G14:AO14,"ATM")+COUNTIF('11-26'!G14:AO14,"ATA")+COUNTIF('12-26'!G14:AO14,"ATM/ATA")+COUNTIF('12-26'!G14:AO14,"ATM")+COUNTIF('12-26'!G14:AO14,"ATA") -> 0 | V14: =COUNTIF('01-26'!G14:AO14,"ASA")+COUNTIF('02-26'!G14:AO14,"ASA")+COUNTIF('03-26'!G14:AO14,"ASA")+COUNTIF('04-26'!G14:AO14,"ASA")+COUNTIF('05-26'!G14:AO14,"ASA")+COUNTIF('06-26'!G14:AO14,"ASA")+COUNTIF('07-26'!F14:AO14,"ASA")+COUNTIF('08-26'!F14:AO14,"ASA")+COUNTIF('09-26'!F14:AO14,"ASA")+COUNTIF('10-26'!F14:AO14,"ASA")+COUNTIF('11-26'!G14:AO14,"ASA")+COUNTIF('12-26'!G14:AO14,"ASA") -> 0 | W14: =COUNTIF('01-26'!G14:AO14,"FORM")+COUNTIF('02-26'!G14:AO14,"FORM")+COUNTIF('03-26'!G14:AO14,"FORM")+COUNTIF('04-26'!G14:AO14,"FORM")+COUNTIF('05-26'!G14:AO14,"FORM")+COUNTIF('06-26'!G14:AO14,"FORM")+COUNTIF('07-26'!F14:AO14,"FORM")+COUNTIF('08-26'!F14:AO14,"FORM")+COUNTIF('09-26'!F14:AO14,"FORM")+COUNTIF('10-26'!F14:AO14,"FORM")+COUNTIF('11-26'!G14:AO14,"FORM")+COUNTIF('12-26'!G14:AO14,"FORM") -> 0 | X14: =COUNTIF('01-26'!G14:AO14,"RPM")+COUNTIF('01-26'!G14:AO14,"JPS")+COUNTIF('02-26'!G14:AO14,"RPM")+COUNTIF('02-26'!G14:AO14,"JPS")+COUNTIF('03-26'!G14:AO14,"RPM")+COUNTIF('03-26'!G14:AO14,"JPS")+COUNTIF('04-26'!G14:AO14,"RPM")+COUNTIF('04-26'!G14:AO14,"JPS")+COUNTIF('05-26'!G14:AO14,"RPM")+COUNTIF('05-26'!G14:AO14,"JPS")+COUNTIF('06-26'!G14:AO14,"RPM")+COUNTIF('06-26'!G14:AO14,"JPS")+COUNTIF('07-26'!F14:AO14,"RPM")+COUNTIF('07-26'!F14:AO14,"JPS")+COUNTIF('08-26'!F14:AO14,"RPM")+COUNTIF('08-26'!F14:AO14,"JPS")+COUNTIF('09-26'!F14:AO14,"RPM")+COUNTIF('09-26'!F14:AO14,"JPS")+COUNTIF('10-26'!F14:AO14,"RPM")+COUNTIF('10-26'!F14:AO14,"JPS")+COUNTIF('11-26'!G14:AO14,"RPM")+COUNTIF('11-26'!G14:AO14,"JPS")+COUNTIF('12-26'!G14:AO14,"RPM")+COUNTIF('12-26'!G14:AO14,"JPS") -> 0 | Y14: =SUM(R14:X14) -> 20 | AB14: CLOUTE D. | AC14: BAREITS S. | AD14: 17
B15: TOTAL | C15: =SUM(C8:C14) -> 85 | D15: =SUM(D8:D14) -> 100 | E15: =SUM(E8:E14) -> 90 | F15: =SUM(F8:F14) -> 113 | G15: =SUM(G8:G14) -> 51 | H15: =SUM(H8:H14) -> 53 | I15: =SUM(I8:I14) -> 95 | J15: =SUM(J8:J14) -> 66 | ... O15: =SUM(O8:O14) -> 907 | Q15: FELIS K. | R15: =COUNTIF('01-26'!G15:AO15,"TP")+COUNTIF('02-26'!F15:AO15,"TP")+COUNTIF('03-26'!F15:AO15,"TP")+COUNTIF('04-26'!F15:AO15,"TP")+COUNTIF('05-26'!F15:AO15,"TP")+COUNTIF('06-26'!F15:AO15,"TP")+COUNTIF('07-26'!G15:AO15,"TP")+COUNTIF('08-26'!F15:AO15,"TP")+COUNTIF('09-26'!F15:AO15,"TP")+COUNTIF('10-26'!F15:AO15,"TP")+COUNTIF('11-26'!F15:AO15,"TP")+COUNTIF('12-26'!G15:AO15,"TP") -> 0 | S15: =COUNTIF('01-26'!G15:AO15,"CSE")+COUNTIF('01-26'!G15:AO15,"CSE/RPX")+COUNTIF('01-26'!G15:AO15,"RPX")+COUNTIF('02-26'!F15:AO15,"CSE")+COUNTIF('02-26'!F15:AO15,"CSE/RPX")+COUNTIF('02-26'!F15:AO15,"RPX")+COUNTIF('03-26'!F15:AO15,"CSE")+COUNTIF('03-26'!F15:AO15,"CSE/RPX")+COUNTIF('03-26'!F15:AO15,"RPX")+COUNTIF('04-26'!F15:AO15,"CSE")+COUNTIF('04-26'!F15:AO15,"CSE/RPX")+COUNTIF('04-26'!F15:AO15,"RPX")+COUNTIF('05-26'!F15:AO15,"CSE")+COUNTIF('05-26'!F15:AO15,"CSE/RPX")+COUNTIF('05-26'!F15:AO15,"RPX")+COUNTIF('06-26'!F15:AO15,"CSE")+COUNTIF('06-26'!F15:AO15,"CSE/RPX")+COUNTIF('06-26'!F15:AO15,"RPX")+COUNTIF('07-26'!G15:AO15,"CSE")+COUNTIF('07-26'!G15:AO15,"CSE/RPX")+COUNTIF('07-26'!G15:AO15,"RPX")+COUNTIF('08-26'!F15:AO15,"CSE")+COUNTIF('08-26'!F15:AO15,"CSE/RPX")+COUNTIF('08-26'!F15:AO15,"RPX")+COUNTIF('09-26'!F15:AO15,"CSE")+COUNTIF('09-26'!F15:AO15,"CSE/RPX")+COUNTIF('09-26'!F15:AO15,"RPX")+COUNTIF('10-26'!F15:AO15,"CSE")+COUNTIF('10-26'!F15:AO15,"CSE/RPX")+COUNTIF('10-26'!F15:AO15,"RPX")+COUNTIF('11-26'!F15:AO15,"CSE")+COUNTIF('11-26'!F15:AO15,"CSE/RPX")+COUNTIF('11-26'!F15:AO15,"RPX")+COUNTIF('12-26'!G15:AO15,"CSE")+COUNTIF('12-26'!G15:AO15,"CSE/RPX")+COUNTIF('12-26'!G15:AO15,"RPX") -> 0 | T15: =COUNTIF('01-26'!G15:AO15,"CA/RC")+COUNTIF('01-26'!G15:AO15,"CA")+COUNTIF('02-26'!F15:AO15,"CA/RC")+COUNTIF('02-26'!F15:AO15,"CA")+COUNTIF('03-26'!F15:AO15,"CA/RC")+COUNTIF('03-26'!F15:AO15,"CA")+COUNTIF('04-26'!F15:AO15,"CA/RC")+COUNTIF('04-26'!F15:AO15,"CA")+COUNTIF('05-26'!F15:AO15,"CA/RC")+COUNTIF('05-26'!F15:AO15,"CA")+COUNTIF('06-26'!F15:AO15,"CA/RC")+COUNTIF('06-26'!F15:AO15,"CA")+COUNTIF('07-26'!G15:AO15,"CA/RC")+COUNTIF('07-26'!G15:AO15,"CA")+COUNTIF('08-26'!F15:AO15,"CA/RC")+COUNTIF('08-26'!F15:AO15,"CA")+COUNTIF('09-26'!F15:AO15,"CA/RC")+COUNTIF('09-26'!F15:AO15,"CA")+COUNTIF('10-26'!F15:AO15,"CA/RC")+COUNTIF('10-26'!F15:AO15,"CA")+COUNTIF('11-26'!F15:AO15,"CA/RC")+COUNTIF('11-26'!F15:AO15,"CA")+COUNTIF('12-26'!G15:AO15,"CA/RC")+COUNTIF('12-26'!G15:AO15,"CA") -> 5 | U15: =COUNTIF('01-26'!G15:AO15,"ATM/ATA")+COUNTIF('01-26'!G15:AO15,"ATM")+COUNTIF('01-26'!G15:AO15,"ATA")+COUNTIF('02-26'!G15:AO15,"ATM/ATA")+COUNTIF('02-26'!G15:AO15,"ATM")+COUNTIF('02-26'!G15:AO15,"ATA")+COUNTIF('03-26'!G15:AO15,"ATM/ATA")+COUNTIF('03-26'!G15:AO15,"ATM")+COUNTIF('03-26'!G15:AO15,"ATA")+COUNTIF('04-26'!G15:AO15,"ATM/ATA")+COUNTIF('04-26'!G15:AO15,"ATM")+COUNTIF('04-26'!G15:AO15,"ATA")+COUNTIF('05-26'!G15:AO15,"ATM/ATA")+COUNTIF('05-26'!G15:AO15,"ATM")+COUNTIF('05-26'!G15:AO15,"ATA")+COUNTIF('06-26'!G15:AO15,"ATM/ATA")+COUNTIF('06-26'!G15:AO15,"ATM")+COUNTIF('06-26'!G15:AO15,"ATA")+COUNTIF('07-26'!F15:AO15,"ATM/ATA")+COUNTIF('07-26'!F15:AO15,"ATM")+COUNTIF('07-26'!F15:AO15,"ATA")+COUNTIF('08-26'!F15:AO15,"ATM/ATA")+COUNTIF('08-26'!F15:AO15,"ATM")+COUNTIF('08-26'!F15:AO15,"ATA")+COUNTIF('09-26'!F15:AO15,"ATM/ATA")+COUNTIF('09-26'!F15:AO15,"ATM")+COUNTIF('09-26'!F15:AO15,"ATA")+COUNTIF('10-26'!F15:AO15,"ATM/ATA")+COUNTIF('10-26'!F15:AO15,"ATM")+COUNTIF('10-26'!F15:AO15,"ATA")+COUNTIF('11-26'!G15:AO15,"ATM/ATA")+COUNTIF('11-26'!G15:AO15,"ATM")+COUNTIF('11-26'!G15:AO15,"ATA")+COUNTIF('12-26'!G15:AO15,"ATM/ATA")+COUNTIF('12-26'!G15:AO15,"ATM")+COUNTIF('12-26'!G15:AO15,"ATA") -> 0 | V15: =COUNTIF('01-26'!G15:AO15,"ASA")+COUNTIF('02-26'!G15:AO15,"ASA")+COUNTIF('03-26'!G15:AO15,"ASA")+COUNTIF('04-26'!G15:AO15,"ASA")+COUNTIF('05-26'!G15:AO15,"ASA")+COUNTIF('06-26'!G15:AO15,"ASA")+COUNTIF('07-26'!F15:AO15,"ASA")+COUNTIF('08-26'!F15:AO15,"ASA")+COUNTIF('09-26'!F15:AO15,"ASA")+COUNTIF('10-26'!F15:AO15,"ASA")+COUNTIF('11-26'!G15:AO15,"ASA")+COUNTIF('12-26'!G15:AO15,"ASA") -> 0 | W15: =COUNTIF('01-26'!G15:AO15,"FORM")+COUNTIF('02-26'!G15:AO15,"FORM")+COUNTIF('03-26'!G15:AO15,"FORM")+COUNTIF('04-26'!G15:AO15,"FORM")+COUNTIF('05-26'!G15:AO15,"FORM")+COUNTIF('06-26'!G15:AO15,"FORM")+COUNTIF('07-26'!F15:AO15,"FORM")+COUNTIF('08-26'!F15:AO15,"FORM")+COUNTIF('09-26'!F15:AO15,"FORM")+COUNTIF('10-26'!F15:AO15,"FORM")+COUNTIF('11-26'!G15:AO15,"FORM")+COUNTIF('12-26'!G15:AO15,"FORM") -> 0 | X15: =COUNTIF('01-26'!G15:AO15,"RPM")+COUNTIF('01-26'!G15:AO15,"JPS")+COUNTIF('02-26'!G15:AO15,"RPM")+COUNTIF('02-26'!G15:AO15,"JPS")+COUNTIF('03-26'!G15:AO15,"RPM")+COUNTIF('03-26'!G15:AO15,"JPS")+COUNTIF('04-26'!G15:AO15,"RPM")+COUNTIF('04-26'!G15:AO15,"JPS")+COUNTIF('05-26'!G15:AO15,"RPM")+COUNTIF('05-26'!G15:AO15,"JPS")+COUNTIF('06-26'!G15:AO15,"RPM")+COUNTIF('06-26'!G15:AO15,"JPS")+COUNTIF('07-26'!F15:AO15,"RPM")+COUNTIF('07-26'!F15:AO15,"JPS")+COUNTIF('08-26'!F15:AO15,"RPM")+COUNTIF('08-26'!F15:AO15,"JPS")+COUNTIF('09-26'!F15:AO15,"RPM")+COUNTIF('09-26'!F15:AO15,"JPS")+COUNTIF('10-26'!F15:AO15,"RPM")+COUNTIF('10-26'!F15:AO15,"JPS")+COUNTIF('11-26'!G15:AO15,"RPM")+COUNTIF('11-26'!G15:AO15,"JPS")+COUNTIF('12-26'!G15:AO15,"RPM")+COUNTIF('12-26'!G15:AO15,"JPS") -> 0 | Y15: =SUM(R15:X15) -> 5 | AB15: BAREITS S. | AC15: GANTOY P. | AD15: 18
Q16: CLOUTE D. | R16: =COUNTIF('01-26'!G16:AO16,"TP")+COUNTIF('02-26'!F16:AO16,"TP")+COUNTIF('03-26'!F16:AO16,"TP")+COUNTIF('04-26'!F16:AO16,"TP")+COUNTIF('05-26'!F16:AO16,"TP")+COUNTIF('06-26'!F16:AO16,"TP")+COUNTIF('07-26'!G16:AO16,"TP")+COUNTIF('08-26'!F16:AO16,"TP")+COUNTIF('09-26'!F16:AO16,"TP")+COUNTIF('10-26'!F16:AO16,"TP")+COUNTIF('11-26'!F16:AO16,"TP")+COUNTIF('12-26'!G16:AO16,"TP") -> 0 | S16: =COUNTIF('01-26'!G16:AO16,"CSE")+COUNTIF('01-26'!G16:AO16,"CSE/RPX")+COUNTIF('01-26'!G16:AO16,"RPX")+COUNTIF('02-26'!F16:AO16,"CSE")+COUNTIF('02-26'!F16:AO16,"CSE/RPX")+COUNTIF('02-26'!F16:AO16,"RPX")+COUNTIF('03-26'!F16:AO16,"CSE")+COUNTIF('03-26'!F16:AO16,"CSE/RPX")+COUNTIF('03-26'!F16:AO16,"RPX")+COUNTIF('04-26'!F16:AO16,"CSE")+COUNTIF('04-26'!F16:AO16,"CSE/RPX")+COUNTIF('04-26'!F16:AO16,"RPX")+COUNTIF('05-26'!F16:AO16,"CSE")+COUNTIF('05-26'!F16:AO16,"CSE/RPX")+COUNTIF('05-26'!F16:AO16,"RPX")+COUNTIF('06-26'!F16:AO16,"CSE")+COUNTIF('06-26'!F16:AO16,"CSE/RPX")+COUNTIF('06-26'!F16:AO16,"RPX")+COUNTIF('07-26'!G16:AO16,"CSE")+COUNTIF('07-26'!G16:AO16,"CSE/RPX")+COUNTIF('07-26'!G16:AO16,"RPX")+COUNTIF('08-26'!F16:AO16,"CSE")+COUNTIF('08-26'!F16:AO16,"CSE/RPX")+COUNTIF('08-26'!F16:AO16,"RPX")+COUNTIF('09-26'!F16:AO16,"CSE")+COUNTIF('09-26'!F16:AO16,"CSE/RPX")+COUNTIF('09-26'!F16:AO16,"RPX")+COUNTIF('10-26'!F16:AO16,"CSE")+COUNTIF('10-26'!F16:AO16,"CSE/RPX")+COUNTIF('10-26'!F16:AO16,"RPX")+COUNTIF('11-26'!F16:AO16,"CSE")+COUNTIF('11-26'!F16:AO16,"CSE/RPX")+COUNTIF('11-26'!F16:AO16,"RPX")+COUNTIF('12-26'!G16:AO16,"CSE")+COUNTIF('12-26'!G16:AO16,"CSE/RPX")+COUNTIF('12-26'!G16:AO16,"RPX") -> 0 | T16: =COUNTIF('01-26'!G16:AO16,"CA/RC")+COUNTIF('01-26'!G16:AO16,"CA")+COUNTIF('02-26'!F16:AO16,"CA/RC")+COUNTIF('02-26'!F16:AO16,"CA")+COUNTIF('03-26'!F16:AO16,"CA/RC")+COUNTIF('03-26'!F16:AO16,"CA")+COUNTIF('04-26'!F16:AO16,"CA/RC")+COUNTIF('04-26'!F16:AO16,"CA")+COUNTIF('05-26'!F16:AO16,"CA/RC")+COUNTIF('05-26'!F16:AO16,"CA")+COUNTIF('06-26'!F16:AO16,"CA/RC")+COUNTIF('06-26'!F16:AO16,"CA")+COUNTIF('07-26'!G16:AO16,"CA/RC")+COUNTIF('07-26'!G16:AO16,"CA")+COUNTIF('08-26'!F16:AO16,"CA/RC")+COUNTIF('08-26'!F16:AO16,"CA")+COUNTIF('09-26'!F16:AO16,"CA/RC")+COUNTIF('09-26'!F16:AO16,"CA")+COUNTIF('10-26'!F16:AO16,"CA/RC")+COUNTIF('10-26'!F16:AO16,"CA")+COUNTIF('11-26'!F16:AO16,"CA/RC")+COUNTIF('11-26'!F16:AO16,"CA")+COUNTIF('12-26'!G16:AO16,"CA/RC")+COUNTIF('12-26'!G16:AO16,"CA") -> 32 | U16: =COUNTIF('01-26'!G16:AO16,"ATM/ATA")+COUNTIF('01-26'!G16:AO16,"ATM")+COUNTIF('01-26'!G16:AO16,"ATA")+COUNTIF('02-26'!G16:AO16,"ATM/ATA")+COUNTIF('02-26'!G16:AO16,"ATM")+COUNTIF('02-26'!G16:AO16,"ATA")+COUNTIF('03-26'!G16:AO16,"ATM/ATA")+COUNTIF('03-26'!G16:AO16,"ATM")+COUNTIF('03-26'!G16:AO16,"ATA")+COUNTIF('04-26'!G16:AO16,"ATM/ATA")+COUNTIF('04-26'!G16:AO16,"ATM")+COUNTIF('04-26'!G16:AO16,"ATA")+COUNTIF('05-26'!G16:AO16,"ATM/ATA")+COUNTIF('05-26'!G16:AO16,"ATM")+COUNTIF('05-26'!G16:AO16,"ATA")+COUNTIF('06-26'!G16:AO16,"ATM/ATA")+COUNTIF('06-26'!G16:AO16,"ATM")+COUNTIF('06-26'!G16:AO16,"ATA")+COUNTIF('07-26'!F16:AO16,"ATM/ATA")+COUNTIF('07-26'!F16:AO16,"ATM")+COUNTIF('07-26'!F16:AO16,"ATA")+COUNTIF('08-26'!F16:AO16,"ATM/ATA")+COUNTIF('08-26'!F16:AO16,"ATM")+COUNTIF('08-26'!F16:AO16,"ATA")+COUNTIF('09-26'!F16:AO16,"ATM/ATA")+COUNTIF('09-26'!F16:AO16,"ATM")+COUNTIF('09-26'!F16:AO16,"ATA")+COUNTIF('10-26'!F16:AO16,"ATM/ATA")+COUNTIF('10-26'!F16:AO16,"ATM")+COUNTIF('10-26'!F16:AO16,"ATA")+COUNTIF('11-26'!G16:AO16,"ATM/ATA")+COUNTIF('11-26'!G16:AO16,"ATM")+COUNTIF('11-26'!G16:AO16,"ATA")+COUNTIF('12-26'!G16:AO16,"ATM/ATA")+COUNTIF('12-26'!G16:AO16,"ATM")+COUNTIF('12-26'!G16:AO16,"ATA") -> 2 | V16: =COUNTIF('01-26'!G16:AO16,"ASA")+COUNTIF('02-26'!G16:AO16,"ASA")+COUNTIF('03-26'!G16:AO16,"ASA")+COUNTIF('04-26'!G16:AO16,"ASA")+COUNTIF('05-26'!G16:AO16,"ASA")+COUNTIF('06-26'!G16:AO16,"ASA")+COUNTIF('07-26'!F16:AO16,"ASA")+COUNTIF('08-26'!F16:AO16,"ASA")+COUNTIF('09-26'!F16:AO16,"ASA")+COUNTIF('10-26'!F16:AO16,"ASA")+COUNTIF('11-26'!G16:AO16,"ASA")+COUNTIF('12-26'!G16:AO16,"ASA") -> 0 | W16: =COUNTIF('01-26'!G16:AO16,"FORM")+COUNTIF('02-26'!G16:AO16,"FORM")+COUNTIF('03-26'!G16:AO16,"FORM")+COUNTIF('04-26'!G16:AO16,"FORM")+COUNTIF('05-26'!G16:AO16,"FORM")+COUNTIF('06-26'!G16:AO16,"FORM")+COUNTIF('07-26'!F16:AO16,"FORM")+COUNTIF('08-26'!F16:AO16,"FORM")+COUNTIF('09-26'!F16:AO16,"FORM")+COUNTIF('10-26'!F16:AO16,"FORM")+COUNTIF('11-26'!G16:AO16,"FORM")+COUNTIF('12-26'!G16:AO16,"FORM") -> 0 | X16: =COUNTIF('01-26'!G16:AO16,"RPM")+COUNTIF('01-26'!G16:AO16,"JPS")+COUNTIF('02-26'!G16:AO16,"RPM")+COUNTIF('02-26'!G16:AO16,"JPS")+COUNTIF('03-26'!G16:AO16,"RPM")+COUNTIF('03-26'!G16:AO16,"JPS")+COUNTIF('04-26'!G16:AO16,"RPM")+COUNTIF('04-26'!G16:AO16,"JPS")+COUNTIF('05-26'!G16:AO16,"RPM")+COUNTIF('05-26'!G16:AO16,"JPS")+COUNTIF('06-26'!G16:AO16,"RPM")+COUNTIF('06-26'!G16:AO16,"JPS")+COUNTIF('07-26'!F16:AO16,"RPM")+COUNTIF('07-26'!F16:AO16,"JPS")+COUNTIF('08-26'!F16:AO16,"RPM")+COUNTIF('08-26'!F16:AO16,"JPS")+COUNTIF('09-26'!F16:AO16,"RPM")+COUNTIF('09-26'!F16:AO16,"JPS")+COUNTIF('10-26'!F16:AO16,"RPM")+COUNTIF('10-26'!F16:AO16,"JPS")+COUNTIF('11-26'!G16:AO16,"RPM")+COUNTIF('11-26'!G16:AO16,"JPS")+COUNTIF('12-26'!G16:AO16,"RPM")+COUNTIF('12-26'!G16:AO16,"JPS") -> 1 | Y16: =SUM(R16:X16) -> 35 | AB16: GANTOY P. | AC16: TAUPIN V. | AD16: 19
Q17: BAREITS S. | R17: =COUNTIF('01-26'!G17:AO17,"TP")+COUNTIF('02-26'!F17:AO17,"TP")+COUNTIF('03-26'!F17:AO17,"TP")+COUNTIF('04-26'!F17:AO17,"TP")+COUNTIF('05-26'!F17:AO17,"TP")+COUNTIF('06-26'!F17:AO17,"TP")+COUNTIF('07-26'!G17:AO17,"TP")+COUNTIF('08-26'!F17:AO17,"TP")+COUNTIF('09-26'!F17:AO17,"TP")+COUNTIF('10-26'!F17:AO17,"TP")+COUNTIF('11-26'!F17:AO17,"TP")+COUNTIF('12-26'!G17:AO17,"TP") -> 0 | S17: =COUNTIF('01-26'!G17:AO17,"CSE")+COUNTIF('01-26'!G17:AO17,"CSE/RPX")+COUNTIF('01-26'!G17:AO17,"RPX")+COUNTIF('02-26'!F17:AO17,"CSE")+COUNTIF('02-26'!F17:AO17,"CSE/RPX")+COUNTIF('02-26'!F17:AO17,"RPX")+COUNTIF('03-26'!F17:AO17,"CSE")+COUNTIF('03-26'!F17:AO17,"CSE/RPX")+COUNTIF('03-26'!F17:AO17,"RPX")+COUNTIF('04-26'!F17:AO17,"CSE")+COUNTIF('04-26'!F17:AO17,"CSE/RPX")+COUNTIF('04-26'!F17:AO17,"RPX")+COUNTIF('05-26'!F17:AO17,"CSE")+COUNTIF('05-26'!F17:AO17,"CSE/RPX")+COUNTIF('05-26'!F17:AO17,"RPX")+COUNTIF('06-26'!F17:AO17,"CSE")+COUNTIF('06-26'!F17:AO17,"CSE/RPX")+COUNTIF('06-26'!F17:AO17,"RPX")+COUNTIF('07-26'!G17:AO17,"CSE")+COUNTIF('07-26'!G17:AO17,"CSE/RPX")+COUNTIF('07-26'!G17:AO17,"RPX")+COUNTIF('08-26'!F17:AO17,"CSE")+COUNTIF('08-26'!F17:AO17,"CSE/RPX")+COUNTIF('08-26'!F17:AO17,"RPX")+COUNTIF('09-26'!F17:AO17,"CSE")+COUNTIF('09-26'!F17:AO17,"CSE/RPX")+COUNTIF('09-26'!F17:AO17,"RPX")+COUNTIF('10-26'!F17:AO17,"CSE")+COUNTIF('10-26'!F17:AO17,"CSE/RPX")+COUNTIF('10-26'!F17:AO17,"RPX")+COUNTIF('11-26'!F17:AO17,"CSE")+COUNTIF('11-26'!F17:AO17,"CSE/RPX")+COUNTIF('11-26'!F17:AO17,"RPX")+COUNTIF('12-26'!G17:AO17,"CSE")+COUNTIF('12-26'!G17:AO17,"CSE/RPX")+COUNTIF('12-26'!G17:AO17,"RPX") -> 0 | T17: =COUNTIF('01-26'!G17:AO17,"CA/RC")+COUNTIF('01-26'!G17:AO17,"CA")+COUNTIF('02-26'!F17:AO17,"CA/RC")+COUNTIF('02-26'!F17:AO17,"CA")+COUNTIF('03-26'!F17:AO17,"CA/RC")+COUNTIF('03-26'!F17:AO17,"CA")+COUNTIF('04-26'!F17:AO17,"CA/RC")+COUNTIF('04-26'!F17:AO17,"CA")+COUNTIF('05-26'!F17:AO17,"CA/RC")+COUNTIF('05-26'!F17:AO17,"CA")+COUNTIF('06-26'!F17:AO17,"CA/RC")+COUNTIF('06-26'!F17:AO17,"CA")+COUNTIF('07-26'!G17:AO17,"CA/RC")+COUNTIF('07-26'!G17:AO17,"CA")+COUNTIF('08-26'!F17:AO17,"CA/RC")+COUNTIF('08-26'!F17:AO17,"CA")+COUNTIF('09-26'!F17:AO17,"CA/RC")+COUNTIF('09-26'!F17:AO17,"CA")+COUNTIF('10-26'!F17:AO17,"CA/RC")+COUNTIF('10-26'!F17:AO17,"CA")+COUNTIF('11-26'!F17:AO17,"CA/RC")+COUNTIF('11-26'!F17:AO17,"CA")+COUNTIF('12-26'!G17:AO17,"CA/RC")+COUNTIF('12-26'!G17:AO17,"CA") -> 25 | U17: =COUNTIF('01-26'!G17:AO17,"ATM/ATA")+COUNTIF('01-26'!G17:AO17,"ATM")+COUNTIF('01-26'!G17:AO17,"ATA")+COUNTIF('02-26'!G17:AO17,"ATM/ATA")+COUNTIF('02-26'!G17:AO17,"ATM")+COUNTIF('02-26'!G17:AO17,"ATA")+COUNTIF('03-26'!G17:AO17,"ATM/ATA")+COUNTIF('03-26'!G17:AO17,"ATM")+COUNTIF('03-26'!G17:AO17,"ATA")+COUNTIF('04-26'!G17:AO17,"ATM/ATA")+COUNTIF('04-26'!G17:AO17,"ATM")+COUNTIF('04-26'!G17:AO17,"ATA")+COUNTIF('05-26'!G17:AO17,"ATM/ATA")+COUNTIF('05-26'!G17:AO17,"ATM")+COUNTIF('05-26'!G17:AO17,"ATA")+COUNTIF('06-26'!G17:AO17,"ATM/ATA")+COUNTIF('06-26'!G17:AO17,"ATM")+COUNTIF('06-26'!G17:AO17,"ATA")+COUNTIF('07-26'!F17:AO17,"ATM/ATA")+COUNTIF('07-26'!F17:AO17,"ATM")+COUNTIF('07-26'!F17:AO17,"ATA")+COUNTIF('08-26'!F17:AO17,"ATM/ATA")+COUNTIF('08-26'!F17:AO17,"ATM")+COUNTIF('08-26'!F17:AO17,"ATA")+COUNTIF('09-26'!F17:AO17,"ATM/ATA")+COUNTIF('09-26'!F17:AO17,"ATM")+COUNTIF('09-26'!F17:AO17,"ATA")+COUNTIF('10-26'!F17:AO17,"ATM/ATA")+COUNTIF('10-26'!F17:AO17,"ATM")+COUNTIF('10-26'!F17:AO17,"ATA")+COUNTIF('11-26'!G17:AO17,"ATM/ATA")+COUNTIF('11-26'!G17:AO17,"ATM")+COUNTIF('11-26'!G17:AO17,"ATA")+COUNTIF('12-26'!G17:AO17,"ATM/ATA")+COUNTIF('12-26'!G17:AO17,"ATM")+COUNTIF('12-26'!G17:AO17,"ATA") -> 0 | V17: =COUNTIF('01-26'!G17:AO17,"ASA")+COUNTIF('02-26'!G17:AO17,"ASA")+COUNTIF('03-26'!G17:AO17,"ASA")+COUNTIF('04-26'!G17:AO17,"ASA")+COUNTIF('05-26'!G17:AO17,"ASA")+COUNTIF('06-26'!G17:AO17,"ASA")+COUNTIF('07-26'!F17:AO17,"ASA")+COUNTIF('08-26'!F17:AO17,"ASA")+COUNTIF('09-26'!F17:AO17,"ASA")+COUNTIF('10-26'!F17:AO17,"ASA")+COUNTIF('11-26'!G17:AO17,"ASA")+COUNTIF('12-26'!G17:AO17,"ASA") -> 0 | W17: =COUNTIF('01-26'!G17:AO17,"FORM")+COUNTIF('02-26'!G17:AO17,"FORM")+COUNTIF('03-26'!G17:AO17,"FORM")+COUNTIF('04-26'!G17:AO17,"FORM")+COUNTIF('05-26'!G17:AO17,"FORM")+COUNTIF('06-26'!G17:AO17,"FORM")+COUNTIF('07-26'!F17:AO17,"FORM")+COUNTIF('08-26'!F17:AO17,"FORM")+COUNTIF('09-26'!F17:AO17,"FORM")+COUNTIF('10-26'!F17:AO17,"FORM")+COUNTIF('11-26'!G17:AO17,"FORM")+COUNTIF('12-26'!G17:AO17,"FORM") -> 0 | X17: =COUNTIF('01-26'!G17:AO17,"RPM")+COUNTIF('01-26'!G17:AO17,"JPS")+COUNTIF('02-26'!G17:AO17,"RPM")+COUNTIF('02-26'!G17:AO17,"JPS")+COUNTIF('03-26'!G17:AO17,"RPM")+COUNTIF('03-26'!G17:AO17,"JPS")+COUNTIF('04-26'!G17:AO17,"RPM")+COUNTIF('04-26'!G17:AO17,"JPS")+COUNTIF('05-26'!G17:AO17,"RPM")+COUNTIF('05-26'!G17:AO17,"JPS")+COUNTIF('06-26'!G17:AO17,"RPM")+COUNTIF('06-26'!G17:AO17,"JPS")+COUNTIF('07-26'!F17:AO17,"RPM")+COUNTIF('07-26'!F17:AO17,"JPS")+COUNTIF('08-26'!F17:AO17,"RPM")+COUNTIF('08-26'!F17:AO17,"JPS")+COUNTIF('09-26'!F17:AO17,"RPM")+COUNTIF('09-26'!F17:AO17,"JPS")+COUNTIF('10-26'!F17:AO17,"RPM")+COUNTIF('10-26'!F17:AO17,"JPS")+COUNTIF('11-26'!G17:AO17,"RPM")+COUNTIF('11-26'!G17:AO17,"JPS")+COUNTIF('12-26'!G17:AO17,"RPM")+COUNTIF('12-26'!G17:AO17,"JPS") -> 0 | Y17: =SUM(R17:X17) -> 25 | AB17: TAUPIN V. | AC17: ESSAFI S. | AD17: 20
B18: 🎯 ÉCART MOYEN PRÉSENTS vs CIBLE | Q18: GANTOY P. | R18: =COUNTIF('01-26'!G18:AO18,"TP")+COUNTIF('02-26'!F18:AO18,"TP")+COUNTIF('03-26'!F18:AO18,"TP")+COUNTIF('04-26'!F18:AO18,"TP")+COUNTIF('05-26'!F18:AO18,"TP")+COUNTIF('06-26'!F18:AO18,"TP")+COUNTIF('07-26'!G18:AO18,"TP")+COUNTIF('08-26'!F18:AO18,"TP")+COUNTIF('09-26'!F18:AO18,"TP")+COUNTIF('10-26'!F18:AO18,"TP")+COUNTIF('11-26'!F18:AO18,"TP")+COUNTIF('12-26'!G18:AO18,"TP") -> 0 | S18: =COUNTIF('01-26'!G18:AO18,"CSE")+COUNTIF('01-26'!G18:AO18,"CSE/RPX")+COUNTIF('01-26'!G18:AO18,"RPX")+COUNTIF('02-26'!F18:AO18,"CSE")+COUNTIF('02-26'!F18:AO18,"CSE/RPX")+COUNTIF('02-26'!F18:AO18,"RPX")+COUNTIF('03-26'!F18:AO18,"CSE")+COUNTIF('03-26'!F18:AO18,"CSE/RPX")+COUNTIF('03-26'!F18:AO18,"RPX")+COUNTIF('04-26'!F18:AO18,"CSE")+COUNTIF('04-26'!F18:AO18,"CSE/RPX")+COUNTIF('04-26'!F18:AO18,"RPX")+COUNTIF('05-26'!F18:AO18,"CSE")+COUNTIF('05-26'!F18:AO18,"CSE/RPX")+COUNTIF('05-26'!F18:AO18,"RPX")+COUNTIF('06-26'!F18:AO18,"CSE")+COUNTIF('06-26'!F18:AO18,"CSE/RPX")+COUNTIF('06-26'!F18:AO18,"RPX")+COUNTIF('07-26'!G18:AO18,"CSE")+COUNTIF('07-26'!G18:AO18,"CSE/RPX")+COUNTIF('07-26'!G18:AO18,"RPX")+COUNTIF('08-26'!F18:AO18,"CSE")+COUNTIF('08-26'!F18:AO18,"CSE/RPX")+COUNTIF('08-26'!F18:AO18,"RPX")+COUNTIF('09-26'!F18:AO18,"CSE")+COUNTIF('09-26'!F18:AO18,"CSE/RPX")+COUNTIF('09-26'!F18:AO18,"RPX")+COUNTIF('10-26'!F18:AO18,"CSE")+COUNTIF('10-26'!F18:AO18,"CSE/RPX")+COUNTIF('10-26'!F18:AO18,"RPX")+COUNTIF('11-26'!F18:AO18,"CSE")+COUNTIF('11-26'!F18:AO18,"CSE/RPX")+COUNTIF('11-26'!F18:AO18,"RPX")+COUNTIF('12-26'!G18:AO18,"CSE")+COUNTIF('12-26'!G18:AO18,"CSE/RPX")+COUNTIF('12-26'!G18:AO18,"RPX") -> 0 | T18: =COUNTIF('01-26'!G18:AO18,"CA/RC")+COUNTIF('01-26'!G18:AO18,"CA")+COUNTIF('02-26'!F18:AO18,"CA/RC")+COUNTIF('02-26'!F18:AO18,"CA")+COUNTIF('03-26'!F18:AO18,"CA/RC")+COUNTIF('03-26'!F18:AO18,"CA")+COUNTIF('04-26'!F18:AO18,"CA/RC")+COUNTIF('04-26'!F18:AO18,"CA")+COUNTIF('05-26'!F18:AO18,"CA/RC")+COUNTIF('05-26'!F18:AO18,"CA")+COUNTIF('06-26'!F18:AO18,"CA/RC")+COUNTIF('06-26'!F18:AO18,"CA")+COUNTIF('07-26'!G18:AO18,"CA/RC")+COUNTIF('07-26'!G18:AO18,"CA")+COUNTIF('08-26'!F18:AO18,"CA/RC")+COUNTIF('08-26'!F18:AO18,"CA")+COUNTIF('09-26'!F18:AO18,"CA/RC")+COUNTIF('09-26'!F18:AO18,"CA")+COUNTIF('10-26'!F18:AO18,"CA/RC")+COUNTIF('10-26'!F18:AO18,"CA")+COUNTIF('11-26'!F18:AO18,"CA/RC")+COUNTIF('11-26'!F18:AO18,"CA")+COUNTIF('12-26'!G18:AO18,"CA/RC")+COUNTIF('12-26'!G18:AO18,"CA") -> 27 | U18: =COUNTIF('01-26'!G18:AO18,"ATM/ATA")+COUNTIF('01-26'!G18:AO18,"ATM")+COUNTIF('01-26'!G18:AO18,"ATA")+COUNTIF('02-26'!G18:AO18,"ATM/ATA")+COUNTIF('02-26'!G18:AO18,"ATM")+COUNTIF('02-26'!G18:AO18,"ATA")+COUNTIF('03-26'!G18:AO18,"ATM/ATA")+COUNTIF('03-26'!G18:AO18,"ATM")+COUNTIF('03-26'!G18:AO18,"ATA")+COUNTIF('04-26'!G18:AO18,"ATM/ATA")+COUNTIF('04-26'!G18:AO18,"ATM")+COUNTIF('04-26'!G18:AO18,"ATA")+COUNTIF('05-26'!G18:AO18,"ATM/ATA")+COUNTIF('05-26'!G18:AO18,"ATM")+COUNTIF('05-26'!G18:AO18,"ATA")+COUNTIF('06-26'!G18:AO18,"ATM/ATA")+COUNTIF('06-26'!G18:AO18,"ATM")+COUNTIF('06-26'!G18:AO18,"ATA")+COUNTIF('07-26'!F18:AO18,"ATM/ATA")+COUNTIF('07-26'!F18:AO18,"ATM")+COUNTIF('07-26'!F18:AO18,"ATA")+COUNTIF('08-26'!F18:AO18,"ATM/ATA")+COUNTIF('08-26'!F18:AO18,"ATM")+COUNTIF('08-26'!F18:AO18,"ATA")+COUNTIF('09-26'!F18:AO18,"ATM/ATA")+COUNTIF('09-26'!F18:AO18,"ATM")+COUNTIF('09-26'!F18:AO18,"ATA")+COUNTIF('10-26'!F18:AO18,"ATM/ATA")+COUNTIF('10-26'!F18:AO18,"ATM")+COUNTIF('10-26'!F18:AO18,"ATA")+COUNTIF('11-26'!G18:AO18,"ATM/ATA")+COUNTIF('11-26'!G18:AO18,"ATM")+COUNTIF('11-26'!G18:AO18,"ATA")+COUNTIF('12-26'!G18:AO18,"ATM/ATA")+COUNTIF('12-26'!G18:AO18,"ATM")+COUNTIF('12-26'!G18:AO18,"ATA") -> 0 | V18: =COUNTIF('01-26'!G18:AO18,"ASA")+COUNTIF('02-26'!G18:AO18,"ASA")+COUNTIF('03-26'!G18:AO18,"ASA")+COUNTIF('04-26'!G18:AO18,"ASA")+COUNTIF('05-26'!G18:AO18,"ASA")+COUNTIF('06-26'!G18:AO18,"ASA")+COUNTIF('07-26'!F18:AO18,"ASA")+COUNTIF('08-26'!F18:AO18,"ASA")+COUNTIF('09-26'!F18:AO18,"ASA")+COUNTIF('10-26'!F18:AO18,"ASA")+COUNTIF('11-26'!G18:AO18,"ASA")+COUNTIF('12-26'!G18:AO18,"ASA") -> 0 | W18: =COUNTIF('01-26'!G18:AO18,"FORM")+COUNTIF('02-26'!G18:AO18,"FORM")+COUNTIF('03-26'!G18:AO18,"FORM")+COUNTIF('04-26'!G18:AO18,"FORM")+COUNTIF('05-26'!G18:AO18,"FORM")+COUNTIF('06-26'!G18:AO18,"FORM")+COUNTIF('07-26'!F18:AO18,"FORM")+COUNTIF('08-26'!F18:AO18,"FORM")+COUNTIF('09-26'!F18:AO18,"FORM")+COUNTIF('10-26'!F18:AO18,"FORM")+COUNTIF('11-26'!G18:AO18,"FORM")+COUNTIF('12-26'!G18:AO18,"FORM") -> 0 | X18: =COUNTIF('01-26'!G18:AO18,"RPM")+COUNTIF('01-26'!G18:AO18,"JPS")+COUNTIF('02-26'!G18:AO18,"RPM")+COUNTIF('02-26'!G18:AO18,"JPS")+COUNTIF('03-26'!G18:AO18,"RPM")+COUNTIF('03-26'!G18:AO18,"JPS")+COUNTIF('04-26'!G18:AO18,"RPM")+COUNTIF('04-26'!G18:AO18,"JPS")+COUNTIF('05-26'!G18:AO18,"RPM")+COUNTIF('05-26'!G18:AO18,"JPS")+COUNTIF('06-26'!G18:AO18,"RPM")+COUNTIF('06-26'!G18:AO18,"JPS")+COUNTIF('07-26'!F18:AO18,"RPM")+COUNTIF('07-26'!F18:AO18,"JPS")+COUNTIF('08-26'!F18:AO18,"RPM")+COUNTIF('08-26'!F18:AO18,"JPS")+COUNTIF('09-26'!F18:AO18,"RPM")+COUNTIF('09-26'!F18:AO18,"JPS")+COUNTIF('10-26'!F18:AO18,"RPM")+COUNTIF('10-26'!F18:AO18,"JPS")+COUNTIF('11-26'!G18:AO18,"RPM")+COUNTIF('11-26'!G18:AO18,"JPS")+COUNTIF('12-26'!G18:AO18,"RPM")+COUNTIF('12-26'!G18:AO18,"JPS") -> 0 | Y18: =SUM(R18:X18) -> 27 | AB18: ESSAFI S. | AC18: GALLIFET A. | AD18: 21
B19: Indicateur | C19: Jan | D19: Fév | E19: Mar | F19: Avr | G19: Mai | H19: Jun | I19: Jul | J19: Aoû | K19: Sep | L19: Oct | M19: Nov | N19: Déc | O19: MOY. | Q19: TAUPIN V. | R19: =COUNTIF('01-26'!G19:AO19,"TP")+COUNTIF('02-26'!F19:AO19,"TP")+COUNTIF('03-26'!F19:AO19,"TP")+COUNTIF('04-26'!F19:AO19,"TP")+COUNTIF('05-26'!F19:AO19,"TP")+COUNTIF('06-26'!F19:AO19,"TP")+COUNTIF('07-26'!G19:AO19,"TP")+COUNTIF('08-26'!F19:AO19,"TP")+COUNTIF('09-26'!F19:AO19,"TP")+COUNTIF('10-26'!F19:AO19,"TP")+COUNTIF('11-26'!F19:AO19,"TP")+COUNTIF('12-26'!G19:AO19,"TP") -> 35 | S19: =COUNTIF('01-26'!G19:AO19,"CSE")+COUNTIF('01-26'!G19:AO19,"CSE/RPX")+COUNTIF('01-26'!G19:AO19,"RPX")+COUNTIF('02-26'!F19:AO19,"CSE")+COUNTIF('02-26'!F19:AO19,"CSE/RPX")+COUNTIF('02-26'!F19:AO19,"RPX")+COUNTIF('03-26'!F19:AO19,"CSE")+COUNTIF('03-26'!F19:AO19,"CSE/RPX")+COUNTIF('03-26'!F19:AO19,"RPX")+COUNTIF('04-26'!F19:AO19,"CSE")+COUNTIF('04-26'!F19:AO19,"CSE/RPX")+COUNTIF('04-26'!F19:AO19,"RPX")+COUNTIF('05-26'!F19:AO19,"CSE")+COUNTIF('05-26'!F19:AO19,"CSE/RPX")+COUNTIF('05-26'!F19:AO19,"RPX")+COUNTIF('06-26'!F19:AO19,"CSE")+COUNTIF('06-26'!F19:AO19,"CSE/RPX")+COUNTIF('06-26'!F19:AO19,"RPX")+COUNTIF('07-26'!G19:AO19,"CSE")+COUNTIF('07-26'!G19:AO19,"CSE/RPX")+COUNTIF('07-26'!G19:AO19,"RPX")+COUNTIF('08-26'!F19:AO19,"CSE")+COUNTIF('08-26'!F19:AO19,"CSE/RPX")+COUNTIF('08-26'!F19:AO19,"RPX")+COUNTIF('09-26'!F19:AO19,"CSE")+COUNTIF('09-26'!F19:AO19,"CSE/RPX")+COUNTIF('09-26'!F19:AO19,"RPX")+COUNTIF('10-26'!F19:AO19,"CSE")+COUNTIF('10-26'!F19:AO19,"CSE/RPX")+COUNTIF('10-26'!F19:AO19,"RPX")+COUNTIF('11-26'!F19:AO19,"CSE")+COUNTIF('11-26'!F19:AO19,"CSE/RPX")+COUNTIF('11-26'!F19:AO19,"RPX")+COUNTIF('12-26'!G19:AO19,"CSE")+COUNTIF('12-26'!G19:AO19,"CSE/RPX")+COUNTIF('12-26'!G19:AO19,"RPX") -> 0 | T19: =COUNTIF('01-26'!G19:AO19,"CA/RC")+COUNTIF('01-26'!G19:AO19,"CA")+COUNTIF('02-26'!F19:AO19,"CA/RC")+COUNTIF('02-26'!F19:AO19,"CA")+COUNTIF('03-26'!F19:AO19,"CA/RC")+COUNTIF('03-26'!F19:AO19,"CA")+COUNTIF('04-26'!F19:AO19,"CA/RC")+COUNTIF('04-26'!F19:AO19,"CA")+COUNTIF('05-26'!F19:AO19,"CA/RC")+COUNTIF('05-26'!F19:AO19,"CA")+COUNTIF('06-26'!F19:AO19,"CA/RC")+COUNTIF('06-26'!F19:AO19,"CA")+COUNTIF('07-26'!G19:AO19,"CA/RC")+COUNTIF('07-26'!G19:AO19,"CA")+COUNTIF('08-26'!F19:AO19,"CA/RC")+COUNTIF('08-26'!F19:AO19,"CA")+COUNTIF('09-26'!F19:AO19,"CA/RC")+COUNTIF('09-26'!F19:AO19,"CA")+COUNTIF('10-26'!F19:AO19,"CA/RC")+COUNTIF('10-26'!F19:AO19,"CA")+COUNTIF('11-26'!F19:AO19,"CA/RC")+COUNTIF('11-26'!F19:AO19,"CA")+COUNTIF('12-26'!G19:AO19,"CA/RC")+COUNTIF('12-26'!G19:AO19,"CA") -> 20 | U19: =COUNTIF('01-26'!G19:AO19,"ATM/ATA")+COUNTIF('01-26'!G19:AO19,"ATM")+COUNTIF('01-26'!G19:AO19,"ATA")+COUNTIF('02-26'!G19:AO19,"ATM/ATA")+COUNTIF('02-26'!G19:AO19,"ATM")+COUNTIF('02-26'!G19:AO19,"ATA")+COUNTIF('03-26'!G19:AO19,"ATM/ATA")+COUNTIF('03-26'!G19:AO19,"ATM")+COUNTIF('03-26'!G19:AO19,"ATA")+COUNTIF('04-26'!G19:AO19,"ATM/ATA")+COUNTIF('04-26'!G19:AO19,"ATM")+COUNTIF('04-26'!G19:AO19,"ATA")+COUNTIF('05-26'!G19:AO19,"ATM/ATA")+COUNTIF('05-26'!G19:AO19,"ATM")+COUNTIF('05-26'!G19:AO19,"ATA")+COUNTIF('06-26'!G19:AO19,"ATM/ATA")+COUNTIF('06-26'!G19:AO19,"ATM")+COUNTIF('06-26'!G19:AO19,"ATA")+COUNTIF('07-26'!F19:AO19,"ATM/ATA")+COUNTIF('07-26'!F19:AO19,"ATM")+COUNTIF('07-26'!F19:AO19,"ATA")+COUNTIF('08-26'!F19:AO19,"ATM/ATA")+COUNTIF('08-26'!F19:AO19,"ATM")+COUNTIF('08-26'!F19:AO19,"ATA")+COUNTIF('09-26'!F19:AO19,"ATM/ATA")+COUNTIF('09-26'!F19:AO19,"ATM")+COUNTIF('09-26'!F19:AO19,"ATA")+COUNTIF('10-26'!F19:AO19,"ATM/ATA")+COUNTIF('10-26'!F19:AO19,"ATM")+COUNTIF('10-26'!F19:AO19,"ATA")+COUNTIF('11-26'!G19:AO19,"ATM/ATA")+COUNTIF('11-26'!G19:AO19,"ATM")+COUNTIF('11-26'!G19:AO19,"ATA")+COUNTIF('12-26'!G19:AO19,"ATM/ATA")+COUNTIF('12-26'!G19:AO19,"ATM")+COUNTIF('12-26'!G19:AO19,"ATA") -> 64 | V19: =COUNTIF('01-26'!G19:AO19,"ASA")+COUNTIF('02-26'!G19:AO19,"ASA")+COUNTIF('03-26'!G19:AO19,"ASA")+COUNTIF('04-26'!G19:AO19,"ASA")+COUNTIF('05-26'!G19:AO19,"ASA")+COUNTIF('06-26'!G19:AO19,"ASA")+COUNTIF('07-26'!F19:AO19,"ASA")+COUNTIF('08-26'!F19:AO19,"ASA")+COUNTIF('09-26'!F19:AO19,"ASA")+COUNTIF('10-26'!F19:AO19,"ASA")+COUNTIF('11-26'!G19:AO19,"ASA")+COUNTIF('12-26'!G19:AO19,"ASA") -> 0 | W19: =COUNTIF('01-26'!G19:AO19,"FORM")+COUNTIF('02-26'!G19:AO19,"FORM")+COUNTIF('03-26'!G19:AO19,"FORM")+COUNTIF('04-26'!G19:AO19,"FORM")+COUNTIF('05-26'!G19:AO19,"FORM")+COUNTIF('06-26'!G19:AO19,"FORM")+COUNTIF('07-26'!F19:AO19,"FORM")+COUNTIF('08-26'!F19:AO19,"FORM")+COUNTIF('09-26'!F19:AO19,"FORM")+COUNTIF('10-26'!F19:AO19,"FORM")+COUNTIF('11-26'!G19:AO19,"FORM")+COUNTIF('12-26'!G19:AO19,"FORM") -> 5 | X19: =COUNTIF('01-26'!G19:AO19,"RPM")+COUNTIF('01-26'!G19:AO19,"JPS")+COUNTIF('02-26'!G19:AO19,"RPM")+COUNTIF('02-26'!G19:AO19,"JPS")+COUNTIF('03-26'!G19:AO19,"RPM")+COUNTIF('03-26'!G19:AO19,"JPS")+COUNTIF('04-26'!G19:AO19,"RPM")+COUNTIF('04-26'!G19:AO19,"JPS")+COUNTIF('05-26'!G19:AO19,"RPM")+COUNTIF('05-26'!G19:AO19,"JPS")+COUNTIF('06-26'!G19:AO19,"RPM")+COUNTIF('06-26'!G19:AO19,"JPS")+COUNTIF('07-26'!F19:AO19,"RPM")+COUNTIF('07-26'!F19:AO19,"JPS")+COUNTIF('08-26'!F19:AO19,"RPM")+COUNTIF('08-26'!F19:AO19,"JPS")+COUNTIF('09-26'!F19:AO19,"RPM")+COUNTIF('09-26'!F19:AO19,"JPS")+COUNTIF('10-26'!F19:AO19,"RPM")+COUNTIF('10-26'!F19:AO19,"JPS")+COUNTIF('11-26'!G19:AO19,"RPM")+COUNTIF('11-26'!G19:AO19,"JPS")+COUNTIF('12-26'!G19:AO19,"RPM")+COUNTIF('12-26'!G19:AO19,"JPS") -> 0 | Y19: =SUM(R19:X19) -> 124 | AB19: GALLIFET A. | AC19: ROYER T. | AD19: 22
B20: Moy. Présents | C20: ='01-26'!E40 -> 15.85 | D20: ='02-26'!E40 -> 15.6 | E20: ='03-26'!E40 -> 16.55 | F20: ='04-26'!E40 -> 16.041667 | G20: ='05-26'!E40 -> 17.647059 | H20: ='06-26'!E40 -> 17.55 | I20: ='07-26'!E40 -> 16.333333 | J20: ='08-26'!E40 -> 16.75 | K20: ='09-26'!E40 -> 15.88 | L20: ='10-26'!E40 -> 17.85 | M20: ='11-26'!E40 -> 18.05 | N20: ='12-26'!E40 -> 17.347826 | O20: =IFERROR(AVERAGE(C20:N20),0) -> 16.78749 | Q20: ESSAFI S. | R20: =COUNTIF('01-26'!G20:AO20,"TP")+COUNTIF('02-26'!F20:AO20,"TP")+COUNTIF('03-26'!F20:AO20,"TP")+COUNTIF('04-26'!F20:AO20,"TP")+COUNTIF('05-26'!F20:AO20,"TP")+COUNTIF('06-26'!F20:AO20,"TP")+COUNTIF('07-26'!G20:AO20,"TP")+COUNTIF('08-26'!F20:AO20,"TP")+COUNTIF('09-26'!F20:AO20,"TP")+COUNTIF('10-26'!F20:AO20,"TP")+COUNTIF('11-26'!F20:AO20,"TP")+COUNTIF('12-26'!G20:AO20,"TP") -> 0 | S20: =COUNTIF('01-26'!G20:AO20,"CSE")+COUNTIF('01-26'!G20:AO20,"CSE/RPX")+COUNTIF('01-26'!G20:AO20,"RPX")+COUNTIF('02-26'!F20:AO20,"CSE")+COUNTIF('02-26'!F20:AO20,"CSE/RPX")+COUNTIF('02-26'!F20:AO20,"RPX")+COUNTIF('03-26'!F20:AO20,"CSE")+COUNTIF('03-26'!F20:AO20,"CSE/RPX")+COUNTIF('03-26'!F20:AO20,"RPX")+COUNTIF('04-26'!F20:AO20,"CSE")+COUNTIF('04-26'!F20:AO20,"CSE/RPX")+COUNTIF('04-26'!F20:AO20,"RPX")+COUNTIF('05-26'!F20:AO20,"CSE")+COUNTIF('05-26'!F20:AO20,"CSE/RPX")+COUNTIF('05-26'!F20:AO20,"RPX")+COUNTIF('06-26'!F20:AO20,"CSE")+COUNTIF('06-26'!F20:AO20,"CSE/RPX")+COUNTIF('06-26'!F20:AO20,"RPX")+COUNTIF('07-26'!G20:AO20,"CSE")+COUNTIF('07-26'!G20:AO20,"CSE/RPX")+COUNTIF('07-26'!G20:AO20,"RPX")+COUNTIF('08-26'!F20:AO20,"CSE")+COUNTIF('08-26'!F20:AO20,"CSE/RPX")+COUNTIF('08-26'!F20:AO20,"RPX")+COUNTIF('09-26'!F20:AO20,"CSE")+COUNTIF('09-26'!F20:AO20,"CSE/RPX")+COUNTIF('09-26'!F20:AO20,"RPX")+COUNTIF('10-26'!F20:AO20,"CSE")+COUNTIF('10-26'!F20:AO20,"CSE/RPX")+COUNTIF('10-26'!F20:AO20,"RPX")+COUNTIF('11-26'!F20:AO20,"CSE")+COUNTIF('11-26'!F20:AO20,"CSE/RPX")+COUNTIF('11-26'!F20:AO20,"RPX")+COUNTIF('12-26'!G20:AO20,"CSE")+COUNTIF('12-26'!G20:AO20,"CSE/RPX")+COUNTIF('12-26'!G20:AO20,"RPX") -> 0 | T20: =COUNTIF('01-26'!G20:AO20,"CA/RC")+COUNTIF('01-26'!G20:AO20,"CA")+COUNTIF('02-26'!F20:AO20,"CA/RC")+COUNTIF('02-26'!F20:AO20,"CA")+COUNTIF('03-26'!F20:AO20,"CA/RC")+COUNTIF('03-26'!F20:AO20,"CA")+COUNTIF('04-26'!F20:AO20,"CA/RC")+COUNTIF('04-26'!F20:AO20,"CA")+COUNTIF('05-26'!F20:AO20,"CA/RC")+COUNTIF('05-26'!F20:AO20,"CA")+COUNTIF('06-26'!F20:AO20,"CA/RC")+COUNTIF('06-26'!F20:AO20,"CA")+COUNTIF('07-26'!G20:AO20,"CA/RC")+COUNTIF('07-26'!G20:AO20,"CA")+COUNTIF('08-26'!F20:AO20,"CA/RC")+COUNTIF('08-26'!F20:AO20,"CA")+COUNTIF('09-26'!F20:AO20,"CA/RC")+COUNTIF('09-26'!F20:AO20,"CA")+COUNTIF('10-26'!F20:AO20,"CA/RC")+COUNTIF('10-26'!F20:AO20,"CA")+COUNTIF('11-26'!F20:AO20,"CA/RC")+COUNTIF('11-26'!F20:AO20,"CA")+COUNTIF('12-26'!G20:AO20,"CA/RC")+COUNTIF('12-26'!G20:AO20,"CA") -> 25 | U20: =COUNTIF('01-26'!G20:AO20,"ATM/ATA")+COUNTIF('01-26'!G20:AO20,"ATM")+COUNTIF('01-26'!G20:AO20,"ATA")+COUNTIF('02-26'!G20:AO20,"ATM/ATA")+COUNTIF('02-26'!G20:AO20,"ATM")+COUNTIF('02-26'!G20:AO20,"ATA")+COUNTIF('03-26'!G20:AO20,"ATM/ATA")+COUNTIF('03-26'!G20:AO20,"ATM")+COUNTIF('03-26'!G20:AO20,"ATA")+COUNTIF('04-26'!G20:AO20,"ATM/ATA")+COUNTIF('04-26'!G20:AO20,"ATM")+COUNTIF('04-26'!G20:AO20,"ATA")+COUNTIF('05-26'!G20:AO20,"ATM/ATA")+COUNTIF('05-26'!G20:AO20,"ATM")+COUNTIF('05-26'!G20:AO20,"ATA")+COUNTIF('06-26'!G20:AO20,"ATM/ATA")+COUNTIF('06-26'!G20:AO20,"ATM")+COUNTIF('06-26'!G20:AO20,"ATA")+COUNTIF('07-26'!F20:AO20,"ATM/ATA")+COUNTIF('07-26'!F20:AO20,"ATM")+COUNTIF('07-26'!F20:AO20,"ATA")+COUNTIF('08-26'!F20:AO20,"ATM/ATA")+COUNTIF('08-26'!F20:AO20,"ATM")+COUNTIF('08-26'!F20:AO20,"ATA")+COUNTIF('09-26'!F20:AO20,"ATM/ATA")+COUNTIF('09-26'!F20:AO20,"ATM")+COUNTIF('09-26'!F20:AO20,"ATA")+COUNTIF('10-26'!F20:AO20,"ATM/ATA")+COUNTIF('10-26'!F20:AO20,"ATM")+COUNTIF('10-26'!F20:AO20,"ATA")+COUNTIF('11-26'!G20:AO20,"ATM/ATA")+COUNTIF('11-26'!G20:AO20,"ATM")+COUNTIF('11-26'!G20:AO20,"ATA")+COUNTIF('12-26'!G20:AO20,"ATM/ATA")+COUNTIF('12-26'!G20:AO20,"ATM")+COUNTIF('12-26'!G20:AO20,"ATA") -> 0 | V20: =COUNTIF('01-26'!G20:AO20,"ASA")+COUNTIF('02-26'!G20:AO20,"ASA")+COUNTIF('03-26'!G20:AO20,"ASA")+COUNTIF('04-26'!G20:AO20,"ASA")+COUNTIF('05-26'!G20:AO20,"ASA")+COUNTIF('06-26'!G20:AO20,"ASA")+COUNTIF('07-26'!F20:AO20,"ASA")+COUNTIF('08-26'!F20:AO20,"ASA")+COUNTIF('09-26'!F20:AO20,"ASA")+COUNTIF('10-26'!F20:AO20,"ASA")+COUNTIF('11-26'!G20:AO20,"ASA")+COUNTIF('12-26'!G20:AO20,"ASA") -> 3 | W20: =COUNTIF('01-26'!G20:AO20,"FORM")+COUNTIF('02-26'!G20:AO20,"FORM")+COUNTIF('03-26'!G20:AO20,"FORM")+COUNTIF('04-26'!G20:AO20,"FORM")+COUNTIF('05-26'!G20:AO20,"FORM")+COUNTIF('06-26'!G20:AO20,"FORM")+COUNTIF('07-26'!F20:AO20,"FORM")+COUNTIF('08-26'!F20:AO20,"FORM")+COUNTIF('09-26'!F20:AO20,"FORM")+COUNTIF('10-26'!F20:AO20,"FORM")+COUNTIF('11-26'!G20:AO20,"FORM")+COUNTIF('12-26'!G20:AO20,"FORM") -> 0 | X20: =COUNTIF('01-26'!G20:AO20,"RPM")+COUNTIF('01-26'!G20:AO20,"JPS")+COUNTIF('02-26'!G20:AO20,"RPM")+COUNTIF('02-26'!G20:AO20,"JPS")+COUNTIF('03-26'!G20:AO20,"RPM")+COUNTIF('03-26'!G20:AO20,"JPS")+COUNTIF('04-26'!G20:AO20,"RPM")+COUNTIF('04-26'!G20:AO20,"JPS")+COUNTIF('05-26'!G20:AO20,"RPM")+COUNTIF('05-26'!G20:AO20,"JPS")+COUNTIF('06-26'!G20:AO20,"RPM")+COUNTIF('06-26'!G20:AO20,"JPS")+COUNTIF('07-26'!F20:AO20,"RPM")+COUNTIF('07-26'!F20:AO20,"JPS")+COUNTIF('08-26'!F20:AO20,"RPM")+COUNTIF('08-26'!F20:AO20,"JPS")+COUNTIF('09-26'!F20:AO20,"RPM")+COUNTIF('09-26'!F20:AO20,"JPS")+COUNTIF('10-26'!F20:AO20,"RPM")+COUNTIF('10-26'!F20:AO20,"JPS")+COUNTIF('11-26'!G20:AO20,"RPM")+COUNTIF('11-26'!G20:AO20,"JPS")+COUNTIF('12-26'!G20:AO20,"RPM")+COUNTIF('12-26'!G20:AO20,"JPS") -> 0 | Y20: =SUM(R20:X20) -> 28 | AB20: ROYER T. | AC20: MARTINS M. | AD20: 23
